author;author_type;url;location;deal_type;accommodation_type;floor;floors_count;rooms_count;total_meters;price;district;street;house_number;underground;residential_complex
AFI Development;developer;https://odintsovo.cian.ru/sale/flat/308938661/;Одинцово;sale;flat;9;24;2;48.24;12313501;;;;Одинцово;Одинбург
ID 82171081;realtor;https://odintsovo.cian.ru/sale/flat/308160773/;Одинцово;sale;flat;19;25;2;62.56;12000000;;;6;Одинцово;Одинград квартал Семейный ЖК
Ваши Соседи Торги;real_estate_agent;https://odintsovo.cian.ru/sale/flat/308064557/;Одинцово;sale;flat;10;20;1;37.1;5850000;; Кутузовская;3;Сколково;
AFI Development;developer;https://odintsovo.cian.ru/sale/flat/308938596/;Одинцово;sale;flat;2;24;1;36.3;9822236;;;;Одинцово;Одинбург
PROНЕДВИЖИМОСТЬ;real_estate_agent;https://odintsovo.cian.ru/sale/flat/304858155/;Одинцово;sale;flat;10;24;1;39.0;7200000;;Северная ;5к2;Одинцово;Одинбург
CENTURY 21 Столичная недвижимость;real_estate_agent;https://odintsovo.cian.ru/sale/flat/308783096/;Одинцово;sale;flat;17;24;1;44.7;7400000;; Чистяковой;;Сколково;
Вектор;developer;https://odintsovo.cian.ru/sale/flat/305609500/;Одинцово;sale;flat;4;19;2;55.0;11570000;;;;Одинцово;Союзный ЖК
ХОРЕКА ИНВЕСТ;real_estate_agent;https://odintsovo.cian.ru/sale/flat/308253115/;Одинцово;sale;flat;3;17;1;22.58;5120918;; Чистяковой;8с2;Сколково;Гостиничный комплекс Аметист
Ринат Нурис;realtor;https://odintsovo.cian.ru/sale/flat/303807097/;Одинцово;sale;flat;2;12;2;36.0;6390000;;Сосновая ;20;Одинцово;
Вектор;developer;https://odintsovo.cian.ru/sale/flat/305609586/;Одинцово;sale;flat;2;19;1;40.0;8610000;;;;Одинцово;Союзный ЖК
Homeapp;real_estate_agent;https://odintsovo.cian.ru/sale/flat/308305656/;Одинцово;sale;flat;14;25;2;49.8;10990000;; Каштановая;6;Внуково;Одинцово-1
МИР СН;real_estate_agent;https://odintsovo.cian.ru/sale/flat/303472026/;Одинцово;sale;flat;4;4;1;35.0;5000000;;Молодежная ;1Б;Одинцово;
AFI Development;developer;https://odintsovo.cian.ru/sale/flat/301311054/;Одинцово;sale;flat;2;20;1;46.99;;;;;Одинцово;Одинбург ЖК
Vysotsky Estate;real_estate_agent;https://odintsovo.cian.ru/sale/flat/307935683/;Одинцово;sale;flat;4;25;2;58.2;11700000;; Маршала Бирюзова;2а;Одинцово;Микрорайон Центральный
Миэль офис в Одинцово;real_estate_agent;https://odintsovo.cian.ru/sale/flat/307392702/;Одинцово;sale;flat;4;21;1;47.0;8300000;;Сосновая ;10;Одинцово;
AFI Development;developer;https://odintsovo.cian.ru/sale/flat/305802824/;Одинцово;sale;flat;7;24;2;56.33;;;;;Одинцово;Одинбург
ОГРК;real_estate_agent;https://odintsovo.cian.ru/sale/flat/306552720/;Одинцово;sale;flat;8;15;1;43.0;7000000;; Гвардейская;11;Одинцово;Гусарская баллада
Татьяна Ростова;realtor;https://odintsovo.cian.ru/sale/flat/303136193/;Одинцово;sale;flat;5;9;1;31.0;6500000;;Можайское шоссе;24;Одинцово;
AFI Development;developer;https://odintsovo.cian.ru/sale/flat/293937956/;Одинцово;sale;flat;18;20;2;81.48;;;;;Одинцово;Одинбург ЖК
Этажи Москва;real_estate_agent;https://odintsovo.cian.ru/sale/flat/308418190/;Одинцово;sale;flat;6;20;2;48.7;9300000;;Северная ;15;Одинцово;Одинбург
ID 123354674;homeowner;https://odintsovo.cian.ru/sale/flat/308812802/;Одинцово;sale;flat;17;24;1;44.1;8000000;; Чистяковой;16;Сколково;
АльфаСтройИнвест;developer;https://odintsovo.cian.ru/sale/flat/304990147/;Одинцово;sale;flat;17;17;2;35.48;7184700;;;;Мичуринец;Каштановая Роща ЖК
АЯКС;real_estate_agent;https://odintsovo.cian.ru/sale/flat/296021832/;Одинцово;sale;flat;14;25;1;42.4;8300000;; Сколковская;9Б;Сколково;Сколковский
Любовь Рублева;realtor;https://odintsovo.cian.ru/sale/flat/308278765/;Одинцово;sale;flat;4;12;1;39.5;6500000;;Молодежная ;9;Одинцово;
АльфаСтройИнвест;developer;https://odintsovo.cian.ru/sale/flat/304989977/;Одинцово;sale;flat;5;17;1;32.8;7084800;;;;Мичуринец;Каштановая Роща ЖК
Homeapp;real_estate_agent;https://odintsovo.cian.ru/sale/flat/303639011/;Одинцово;sale;flat;22;25;2;52.1;12700000;; Сколковская;1А;Сколково;Сколковский
Елена Шамис;realtor;https://odintsovo.cian.ru/sale/flat/308556170/;Одинцово;sale;flat;4;5;1;32.0;5900000;; Маршала Бирюзова;20;Одинцово;
Вектор;developer;https://odintsovo.cian.ru/sale/flat/308015987/;Одинцово;sale;flat;12;19;1;45.6;11145000;;;;Одинцово;Союзный ЖК
Homeapp;real_estate_agent;https://odintsovo.cian.ru/sale/flat/303129257/;Одинцово;sale;flat;2;25;2;49.0;13400000;; Каштановая;8;Внуково;Одинцово-1
ИНФИНИТИ;real_estate_agent;https://odintsovo.cian.ru/sale/flat/306555126/;Одинцово;sale;flat;2;8;1;33.6;5700000;;Баковская ;2;Одинцово;
Вектор;developer;https://odintsovo.cian.ru/sale/flat/305609581/;Одинцово;sale;flat;16;19;2;61.7;14544000;;;;Одинцово;Союзный ЖК
Landis;real_estate_agent;https://odintsovo.cian.ru/sale/flat/307712752/;Одинцово;sale;flat;21;25;1;34.7;8800000;; Сколковская;5А;Сколково;Сколковский
ГОРОДА;real_estate_agent;https://odintsovo.cian.ru/sale/flat/308799859/;Одинцово;sale;flat;1;2;1;30.0;6000000;;Солнечная ;10;Одинцово;
АльфаСтройИнвест;developer;https://odintsovo.cian.ru/sale/flat/304990169/;Одинцово;sale;flat;3;17;2;34.37;6959925;;;;Мичуринец;Каштановая Роща ЖК
ID 22653;real_estate_agent;https://odintsovo.cian.ru/sale/flat/303847215/;Одинцово;sale;flat;8;17;2;69.1;14500000;; Маковского;12;Одинцово;
БЕСТ-Недвижимость на Баррикадной;real_estate_agent;https://odintsovo.cian.ru/sale/flat/308309028/;Одинцово;sale;flat;23;25;2;39.0;8500000;; Маршала Бирюзова;2а;Одинцово;Микрорайон Центральный
АльфаСтройИнвест;developer;https://odintsovo.cian.ru/sale/flat/306839088/;Одинцово;sale;flat;15;17;2;35.53;7194825;;;;Мичуринец;Каштановая Роща ЖК
Этажи Москва;real_estate_agent;https://odintsovo.cian.ru/sale/flat/305911343/;Одинцово;sale;flat;5;25;2;63.8;13900000;; Сколковская;1В;Сколково;Сколковский
SRG;real_estate_agent;https://odintsovo.cian.ru/sale/flat/306666312/;Одинцово;sale;flat;11;14;1;38.1;7200000;; Маршала Неделина;13;Одинцово;
INGRAD;developer;https://odintsovo.cian.ru/sale/flat/306532981/;Одинцово;sale;flat;22;24;2;52.08;11966562;;;10;Одинцово;Одинград. Семейный квартал
Манхэттен эстейт;real_estate_agent;https://odintsovo.cian.ru/sale/flat/300155988/;Одинцово;sale;flat;21;24;1;41.7;9700000;; Маковского;28;Одинцово;Союзный
ID 91770809;homeowner;https://odintsovo.cian.ru/sale/flat/308794816/;Одинцово;sale;flat;4;5;1;29.8;5750000;;Можайское шоссе;23;Одинцово;
АльфаСтройИнвест;developer;https://odintsovo.cian.ru/sale/flat/304990347/;Одинцово;sale;flat;11;17;2;37.2;7533000;;;;Мичуринец;Каштановая Роща ЖК
АЯКС;real_estate_agent;https://odintsovo.cian.ru/sale/flat/306301461/;Одинцово;sale;flat;14;24;2;53.8;9100000;;Западная ;10;Одинцово;Одинград. Семейный квартал
ИНКОМ-Недвижимость;real_estate_agent;https://odintsovo.cian.ru/sale/flat/304792819/;Одинцово;sale;flat;9;20;2;45.0;7850000;; Кутузовская;35;Сколково;Новая Трехгорка
АльфаСтройИнвест;developer;https://odintsovo.cian.ru/sale/flat/308689755/;Одинцово;sale;flat;13;17;1;29.81;6438960;;;;Мичуринец;Каштановая Роща ЖК
АЯКС;real_estate_agent;https://odintsovo.cian.ru/sale/flat/306301457/;Одинцово;sale;flat;21;24;2;50.79;8900000;;Западная ;10с4;Одинцово;Одинград. Семейный квартал
ГОРОБМЕН;real_estate_agent;https://odintsovo.cian.ru/sale/flat/308742516/;Одинцово;sale;flat;11;20;2;55.7;9600000;; Кутузовская;3;Сколково;
АльфаСтройИнвест;developer;https://odintsovo.cian.ru/sale/flat/304990424/;Одинцово;sale;flat;13;17;1;35.12;7585920;;;;Мичуринец;Каштановая Роща ЖК
ID 118651243;homeowner;https://odintsovo.cian.ru/sale/flat/304230689/;Одинцово;sale;flat;22;22;2;55.6;8599000;; Чистяковой;67;Сколково;Новая Трехгорка
Константин Степанов;realtor;https://odintsovo.cian.ru/sale/flat/294688143/;Одинцово;sale;flat;5;9;2;46.9;9500000;;Комсомольская ;16к1;Одинцово;
АльфаСтройИнвест;developer;https://odintsovo.cian.ru/sale/flat/308689830/;Одинцово;sale;flat;2;17;2;46.64;9444600;;;;Мичуринец;Каштановая Роща ЖК
Самолет Плюс Москва ЦАО;real_estate_agent;https://odintsovo.cian.ru/sale/flat/301908161/;Одинцово;sale;flat;20;25;1;32.3;6500000;;;к1.17;Внуково;Одинцово-1
Антон Самойлов;realtor;https://odintsovo.cian.ru/sale/flat/308727689/;Одинцово;sale;flat;7;9;1;48.0;10500000;;Северная ;55;Одинцово;
АльфаСтройИнвест;developer;https://odintsovo.cian.ru/sale/flat/304990138/;Одинцово;sale;flat;16;17;2;43.0;8750500;;;;Мичуринец;Каштановая Роща ЖК
Bellmarc;real_estate_agent;https://odintsovo.cian.ru/sale/flat/303493679/;Одинцово;sale;flat;5;5;2;44.8;6500000;;Можайское шоссе;21;Одинцово;
INGRAD;developer;https://odintsovo.cian.ru/sale/flat/304073959/;Одинцово;sale;flat;12;24;2;37.67;9501431;;;5;Одинцово;Одинград квартал Семейный ЖК
ЗелАН;real_estate_agent;https://odintsovo.cian.ru/sale/flat/302630905/;Одинцово;sale;flat;2;5;2;45.0;7900000;;Молодежная ;30;Одинцово;
ID 118541893;homeowner;https://odintsovo.cian.ru/sale/flat/308623323/;Одинцово;sale;flat;11;25;1;35.4;8500000;; Сколковская;5А;Сколково;Сколковский
INGRAD;developer;https://odintsovo.cian.ru/sale/flat/308823755/;Одинцово;sale;flat;5;24;2;42.63;10238344;;;10;Одинцово;Одинград. Семейный квартал
do A.S.A.P.;real_estate_agent;https://odintsovo.cian.ru/sale/flat/307688366/;Одинцово;sale;flat;21;26;2;50.5;9950000;; Ракетчиков;6;Внуково;Одинцово-1
Евгений Горновой;realtor;https://odintsovo.cian.ru/sale/flat/308589432/;Одинцово;sale;flat;3;14;2;37.5;7100000;;Северная ;14;Одинцово;
INGRAD;developer;https://odintsovo.cian.ru/sale/flat/307028979/;Одинцово;sale;flat;19;24;2;47.74;13075142;;;6;Одинцово;Одинград квартал Семейный ЖК
do A.S.A.P.;real_estate_agent;https://odintsovo.cian.ru/sale/flat/308213114/;Одинцово;sale;flat;17;22;1;35.0;8560000;; Сколковская;3Б;Сколково;Сколковский
Дипломат;real_estate_agent;https://odintsovo.cian.ru/sale/flat/306128498/;Одинцово;sale;flat;4;12;1;35.0;6800000;;Новоспортивная ;20к2;Одинцово;
Вектор;developer;https://odintsovo.cian.ru/sale/flat/305609542/;Одинцово;sale;flat;15;19;1;48.3;11899000;;;;Одинцово;Союзный ЖК
WHITE BROKER;real_estate_agent;https://odintsovo.cian.ru/sale/flat/308421909/;Одинцово;sale;flat;13;19;1;48.5;10900000;;Можайское шоссе;112а;Баковка;
ID 187614;unknown;https://odintsovo.cian.ru/sale/flat/301978131/;Одинцово;sale;flat;21;25;2;60.0;12100000;; Сколковская;1Г;Сколково;Сколковский
ПИК;developer;https://odintsovo.cian.ru/sale/flat/308194801/;Одинцово;sale;flat;16;22;1;42.6;8708036;;;к1.27.2;Внуково;Одинцово-1
Манхэттен эстейт;real_estate_agent;https://odintsovo.cian.ru/sale/flat/305119218/;Одинцово;sale;flat;9;9;2;47.4;7750000;;Любы Новоселовой бульвар;3к1;Одинцово;
Монолит Столица;real_estate_agent;https://odintsovo.cian.ru/sale/flat/298375292/;Одинцово;sale;flat;14;17;1;46.6;6990000;; Маршала Жукова;36;Одинцово;
АльфаСтройИнвест;developer;https://odintsovo.cian.ru/sale/flat/306854637/;Одинцово;sale;flat;14;17;2;43.55;8862425;;;;Мичуринец;Каштановая Роща ЖК
ID 14574035;unknown;https://odintsovo.cian.ru/sale/flat/308010378/;Одинцово;sale;flat;20;25;2;41.7;12000000;;Северная ;5к2;Одинцово;Одинбург
Самолет Плюс;real_estate_agent;https://odintsovo.cian.ru/sale/flat/305678936/;Одинцово;sale;flat;2;14;1;35.2;6490000;; Маршала Бирюзова;30Б;Одинцово;
Вектор;developer;https://odintsovo.cian.ru/sale/flat/307277302/;Одинцово;sale;flat;7;25;1;44.3;12432000;;;;Одинцово;Союзный ЖК
Slava Realty;real_estate_agent;https://odintsovo.cian.ru/sale/flat/294997930/;Одинцово;sale;flat;11;25;1;40.0;8150000;; Чистяковой;8;Сколково;
Виктория Манаконова;realtor;https://odintsovo.cian.ru/sale/flat/308296461/;Одинцово;sale;flat;5;17;1;42.3;7450000;; Кутузовская;4;Сколково;
Вектор;developer;https://odintsovo.cian.ru/sale/flat/305609560/;Одинцово;sale;flat;5;19;1;35.0;9415000;;;;Одинцово;Союзный ЖК
ID 68153703;homeowner;https://odintsovo.cian.ru/sale/flat/302012054/;Одинцово;sale;flat;6;12;2;47.6;9500000;;Можайское шоссе;46;Одинцово;
Татьяна Гузенко;realtor;https://odintsovo.cian.ru/sale/flat/308783439/;Одинцово;sale;flat;5;26;2;42.0;9500000;;Северная ;13;Одинцово;Одинбург
INGRAD;developer;https://odintsovo.cian.ru/sale/flat/308823778/;Одинцово;sale;flat;21;24;1;34.97;9344707;;;10;Одинцово;Одинград. Семейный квартал
Victory estate;real_estate_agent;https://odintsovo.cian.ru/sale/flat/299811239/;Одинцово;sale;flat;7;9;2;51.0;8400000;;Можайское шоссе;52;Одинцово;
Риэлти-Город;real_estate_agent;https://odintsovo.cian.ru/sale/flat/307854663/;Одинцово;sale;flat;3;19;1;46.0;9200000;;Сосновая ;10;Одинцово;
Вектор;developer;https://odintsovo.cian.ru/sale/flat/305609545/;Одинцово;sale;flat;2;19;2;67.2;14639000;;;;Одинцово;Союзный ЖК
Миэль офис в Одинцово;real_estate_agent;https://odintsovo.cian.ru/sale/flat/308284085/;Одинцово;sale;flat;12;17;2;65.5;10600000;; Триумфальная;7;Одинцово;Гусарская баллада
ПИК;developer;https://odintsovo.cian.ru/sale/flat/308194787/;Одинцово;sale;flat;15;16;1;35.3;7261774;;;1.26.1;Внуково;Одинцово-1
Владис;real_estate_agent;https://odintsovo.cian.ru/sale/flat/307850613/;Одинцово;sale;flat;5;5;1;31.2;6150000;;Молодежная ;26;Одинцово;
РОСБАНК;real_estate_agent;https://odintsovo.cian.ru/sale/flat/304859262/;Одинцово;sale;flat;2;18;1;42.5;7700000;; Чистяковой;76;Сколково;
Вектор;developer;https://odintsovo.cian.ru/sale/flat/308015980/;Одинцово;sale;flat;8;19;1;39.1;8846000;;;;Одинцово;Союзный ЖК
Самолет плюс;real_estate_agent;https://odintsovo.cian.ru/sale/flat/306351618/;Одинцово;sale;flat;2;20;2;53.1;9700000;; Белорусская;10;Одинцово;Одинцовский Парк
ОГРК;real_estate_agent;https://odintsovo.cian.ru/sale/flat/308693248/;Одинцово;sale;flat;19;25;1;38.0;8790000;; Сколковская;3А;Сколково;Сколковский
INGRAD;developer;https://odintsovo.cian.ru/sale/flat/306045689/;Одинцово;sale;flat;19;24;2;47.74;11396314;;;5;Одинцово;Одинград квартал Семейный ЖК
ГОРОДА;real_estate_agent;https://odintsovo.cian.ru/sale/flat/305508339/;Одинцово;sale;flat;22;22;2;55.6;8249000;; Чистяковой;67;Сколково;
Людмила Нерсесян;realtor;https://odintsovo.cian.ru/sale/flat/305187458/;Одинцово;sale;flat;6;17;2;63.8;10800000;; Триумфальная;2;Одинцово;Гусарская баллада
ПИК;developer;https://odintsovo.cian.ru/sale/flat/303967557/;Одинцово;sale;flat;13;22;2;46.9;9325314;;;к1.27.2;Внуково;Одинцово-1
ГОРОДА;real_estate_agent;https://odintsovo.cian.ru/sale/flat/308417567/;Одинцово;sale;flat;12;22;2;100.1;25700000;;бульвар Маршала Крылова;25а;Баковка;Первый
Алексей Зубинов;realtor;https://odintsovo.cian.ru/sale/flat/299032133/;Одинцово;sale;flat;13;26;2;52.5;11700000;; Каштановая;11;Внуково;Одинцово-1
ПИК;developer;https://odintsovo.cian.ru/sale/flat/303967583/;Одинцово;sale;flat;1;16;2;76.7;13317497;;;;Внуково;Одинцово-1
ГОРОДА;real_estate_agent;https://odintsovo.cian.ru/sale/flat/308008244/;Одинцово;sale;flat;7;25;2;58.0;11099999;; Маковского;28;Одинцово;Союзный
Манхэттен эстейт;real_estate_agent;https://odintsovo.cian.ru/sale/flat/308158357/;Одинцово;sale;flat;7;9;2;39.9;9000000;;Вокзальная ;1;Одинцово;
АльфаСтройИнвест;developer;https://odintsovo.cian.ru/sale/flat/304990145/;Одинцово;sale;flat;17;17;2;41.4;8424900;;;;Мичуринец;Каштановая Роща ЖК
ГОРОДА;real_estate_agent;https://odintsovo.cian.ru/sale/flat/308419667/;Одинцово;sale;flat;12;17;1;46.0;12500000;; Сколковская;7Б;Сколково;Сколковский
Ирада Кадиева;realtor;https://odintsovo.cian.ru/sale/flat/308855622/;Одинцово;sale;flat;8;12;2;45.9;8900000;;Можайское шоссе;136;Баковка;
INGRAD;developer;https://odintsovo.cian.ru/sale/flat/304074024/;Одинцово;sale;flat;24;25;2;55.01;12565062;;;3;Одинцово;Одинград. Семейный квартал
Владис;real_estate_agent;https://odintsovo.cian.ru/sale/flat/307850395/;Одинцово;sale;flat;20;25;1;35.5;8299999;; Сколковская;5А;Сколково;Сколковский
EuroDoma;real_estate_agent;https://odintsovo.cian.ru/sale/flat/305973063/;Одинцово;sale;flat;4;5;2;47.0;7850000;; Маршала Жукова;45;Одинцово;
AFI Development;developer;https://odintsovo.cian.ru/sale/flat/299138349/;Одинцово;sale;flat;3;24;1;49.92;;;;;Одинцово;Одинбург ЖК
ГОРОДА;real_estate_agent;https://odintsovo.cian.ru/sale/flat/306263013/;Одинцово;sale;flat;4;25;2;51.6;10000000;;;2;Одинцово;
ID 15351913;unknown;https://odintsovo.cian.ru/sale/flat/305420814/;Одинцово;sale;flat;6;25;1;41.5;9300000;; Чистяковой;8;Сколково;
AFI Development;developer;https://odintsovo.cian.ru/sale/flat/301789521/;Одинцово;sale;flat;6;24;1;38.22;;;;;Одинцово;Одинбург
ГОРОДА;real_estate_agent;https://odintsovo.cian.ru/sale/flat/306509113/;Одинцово;sale;flat;13;19;2;50.4;11000000;; Каштановая;14;Внуково;Одинцово-1
EuroDoma;real_estate_agent;https://odintsovo.cian.ru/sale/flat/291904899/;Одинцово;sale;flat;21;22;1;37.0;7900000;; Чистяковой;84;Сколково;
INGRAD;developer;https://odintsovo.cian.ru/sale/flat/308823800/;Одинцово;sale;flat;9;24;2;37.67;10943480;;;6;Одинцово;Одинград квартал Семейный ЖК
INGRAD;developer;https://odintsovo.cian.ru/sale/flat/306532982/;Одинцово;sale;flat;23;25;1;38.14;9405958;;;1;Баковка;Одинград. Семейный квартал
Этажи Москва;real_estate_agent;https://odintsovo.cian.ru/sale/flat/307107794/;Одинцово;sale;flat;13;17;1;41.8;6500000;; Триумфальная;12;Одинцово;Гусарская баллада
ПИК;developer;https://odintsovo.cian.ru/sale/flat/303967644/;Одинцово;sale;flat;21;25;2;46.1;10070867;;;1.26.2;Внуково;Одинцово-1
Миэль офис в Одинцово;real_estate_agent;https://odintsovo.cian.ru/sale/flat/307986149/;Одинцово;sale;flat;1;5;2;44.3;6650000;; Маршала Жукова;13;Одинцово;
Вектор;developer;https://odintsovo.cian.ru/sale/flat/305609588/;Одинцово;sale;flat;2;19;2;66.2;12611000;;;;Одинцово;Союзный ЖК
Никита Шмелев;realtor;https://odintsovo.cian.ru/sale/flat/296213057/;Одинцово;sale;flat;2;5;1;31.5;6700000;; Маршала Жукова;2;Одинцово;
AFI Development;developer;https://odintsovo.cian.ru/sale/flat/308938305/;Одинцово;sale;flat;18;24;1;48.03;;;;;Одинцово;Одинбург ЖК
МК Инвест;real_estate_agent;https://odintsovo.cian.ru/sale/flat/295222443/;Одинцово;sale;flat;2;25;1;40.9;6750000;; Маршала Жукова;;Одинцово;Микрорайон Центральный
AFI Development;developer;https://odintsovo.cian.ru/sale/flat/308938221/;Одинцово;sale;flat;21;24;1;43.07;;;;;Одинцово;Одинбург ЖК
Квартирный вопрос;real_estate_agent;https://odintsovo.cian.ru/sale/flat/308766488/;Одинцово;sale;flat;11;24;2;62.5;11600000;; Чистяковой;62;Сколково;
Ирина Стародубцева;realtor;https://odintsovo.cian.ru/sale/flat/305842405/;Одинцово;sale;flat;5;5;2;44.7;6750000;;Северная ;44;Одинцово;
AFI Development;developer;https://odintsovo.cian.ru/sale/flat/308938347/;Одинцово;sale;flat;14;16;2;81.96;;;;;Одинцово;Одинбург ЖК
КРАММ;real_estate_agent;https://odintsovo.cian.ru/sale/flat/308505998/;Одинцово;sale;flat;2;19;2;48.0;9870000;; Кутузовская;10;Сколково;
Самолет Плюс Москва ЦАО;real_estate_agent;https://odintsovo.cian.ru/sale/flat/307391345/;Одинцово;sale;flat;5;5;1;33.5;6900000;;Можайское шоссе;92;Баковка;
AFI Development;developer;https://odintsovo.cian.ru/sale/flat/308938269/;Одинцово;sale;flat;17;22;1;45.08;;;;;Одинцово;Одинбург ЖК
Константин Кобозев;realtor;https://odintsovo.cian.ru/sale/flat/308356594/;Одинцово;sale;flat;3;17;1;38.0;8500000;;Можайское шоссе;45а;Одинцово;
AFI Development;developer;https://odintsovo.cian.ru/sale/flat/308938200/;Одинцово;sale;flat;18;22;1;41.49;;;;;Одинцово;Одинбург ЖК
ФлэтХоумПро;real_estate_agent;https://odintsovo.cian.ru/sale/flat/308235199/;Одинцово;sale;flat;20;22;2;66.3;8800000;; Чистяковой;65;Сколково;Новая Трехгорка
Ирина Суркова;realtor;https://odintsovo.cian.ru/sale/flat/307740731/;Одинцово;sale;flat;9;14;2;45.0;6990000;;Северная ;30;Одинцово;
AFI Development;developer;https://odintsovo.cian.ru/sale/flat/308938315/;Одинцово;sale;flat;21;22;2;59.33;;;;;Одинцово;Одинбург ЖК
Вектор;developer;https://odintsovo.cian.ru/sale/flat/305609575/;Одинцово;sale;flat;13;19;2;68.3;15426000;;;;Одинцово;Союзный ЖК
Алёна Петрова;realtor;https://odintsovo.cian.ru/sale/flat/308849250/;Одинцово;sale;flat;16;20;2;57.1;11900000;; Кутузовская;21;Сколково;
Даниил Фурман;realtor;https://odintsovo.cian.ru/sale/flat/302619006/;Одинцово;sale;flat;24;25;2;54.8;9500000;; Маршала Жукова;23Ак1;Одинцово;Микрорайон Центральный
INGRAD;developer;https://odintsovo.cian.ru/sale/flat/305161593/;Одинцово;sale;flat;24;24;2;60.13;16338004;;;6;Одинцово;Одинград квартал Семейный ЖК
Доступная Недвижимость. 8 отдел;real_estate_agent;https://odintsovo.cian.ru/sale/flat/308893817/;Одинцово;sale;flat;10;17;2;40.1;7800000;; Маршала Жукова;36;Одинцово;
Татьяна Домнина;realtor;https://odintsovo.cian.ru/sale/flat/303865963/;Одинцово;sale;flat;9;9;1;34.0;7400000;;Можайское шоссе;32;Одинцово;
ПИК;developer;https://odintsovo.cian.ru/sale/flat/308194791/;Одинцово;sale;flat;8;16;2;65.4;12012344;;;;Внуково;Одинцово-1
Яна Тамбовская;realtor;https://odintsovo.cian.ru/sale/flat/308862901/;Одинцово;sale;flat;14;24;1;28.0;6000000;;;3;Одинцово;Одинград. Семейный квартал
ПИК;developer;https://odintsovo.cian.ru/sale/flat/303967372/;Одинцово;sale;flat;1;25;1;42.7;9018368;;;к1.25.2;Внуково;Одинцово-1
ИНКОМ-Недвижимость;real_estate_agent;https://odintsovo.cian.ru/sale/flat/307104909/;Одинцово;sale;flat;18;20;1;37.1;7500000;; Чистяковой;42;Сколково;
Простор-недвижимость;real_estate_agent;https://odintsovo.cian.ru/sale/flat/307151842/;Одинцово;sale;flat;21;25;2;61.2;11000000;; Чистяковой;40;Сколково;
Вектор;developer;https://odintsovo.cian.ru/sale/flat/308015984/;Одинцово;sale;flat;14;19;2;52.7;13730000;;;;Одинцово;Союзный ЖК
M-PROPERTY moscow property;real_estate_agent;https://odintsovo.cian.ru/sale/flat/308831373/;Одинцово;sale;flat;20;25;1;33.0;8750000;; Каштановая;10;Внуково;Одинцово-1
Магазин квартир;real_estate_agent;https://odintsovo.cian.ru/sale/flat/308359701/;Одинцово;sale;flat;9;22;1;48.0;8200000;; Белорусская;10;Одинцово;Одинцовский Парк
INGRAD;developer;https://odintsovo.cian.ru/sale/flat/307881098/;Одинцово;sale;flat;10;24;1;38.7;11127342;;;6;Одинцово;Одинград квартал Семейный ЖК
Павел Журавлев;realtor;https://odintsovo.cian.ru/sale/flat/306576742/;Одинцово;sale;flat;4;12;2;51.2;8200000;;Можайское шоссе;129;Одинцово;
ГОРОБМЕН;real_estate_agent;https://odintsovo.cian.ru/sale/flat/304123620/;Одинцово;sale;flat;11;22;1;40.0;7990000;; Чистяковой;40;Сколково;
АльфаСтройИнвест;developer;https://odintsovo.cian.ru/sale/flat/304990044/;Одинцово;sale;flat;10;17;2;42.21;8589735;;;;Мичуринец;Каштановая Роща ЖК
Елена Костина;realtor;https://odintsovo.cian.ru/sale/flat/302732113/;Одинцово;sale;flat;4;9;2;50.6;8900000;;Северная ;62;Одинцово;
ЭТАЖИ Подольск;real_estate_agent;https://odintsovo.cian.ru/sale/flat/308473066/;Одинцово;sale;flat;15;27;1;40.0;8790000;; Сколковская;3А;Сколково;Сколковский
INGRAD;developer;https://odintsovo.cian.ru/sale/flat/305804840/;Одинцово;sale;flat;17;24;1;37.7;9078483;;;5;Одинцово;Одинград квартал Семейный ЖК
Этажи Москва;real_estate_agent;https://odintsovo.cian.ru/sale/flat/306516631/;Одинцово;sale;flat;1;25;2;68.7;11200000;; Сколковская;3В;Сколково;Сколковский
INGRAD;developer;https://odintsovo.cian.ru/sale/flat/304073939/;Одинцово;sale;flat;22;24;2;60.13;13541972;;;5;Одинцово;Одинград квартал Семейный ЖК
Монолит Столица;real_estate_agent;https://odintsovo.cian.ru/sale/flat/306604293/;Одинцово;sale;flat;5;25;1;38.3;8100000;; Рябиновая;5;Внуково;Одинцово-1
Мария Иванова;realtor;https://odintsovo.cian.ru/sale/flat/306679078/;Одинцово;sale;flat;4;9;1;33.0;7500000;; Маршала Жукова;27;Одинцово;
Александр Табунов;realtor;https://odintsovo.cian.ru/sale/flat/303419639/;Одинцово;sale;flat;22;26;1;31.0;8100000;; Каштановая;10к1;Внуково;Одинцово-1
Самолет плюс Одинцово;real_estate_agent;https://odintsovo.cian.ru/sale/flat/304108372/;Одинцово;sale;flat;6;16;2;38.5;7850000;; Рябиновая;7;Внуково;Одинцово-1
Вектор;developer;https://odintsovo.cian.ru/sale/flat/305609539/;Одинцово;sale;flat;14;19;2;57.1;14393000;;;;Одинцово;Союзный ЖК
Дом сервис плюс;real_estate_agent;https://odintsovo.cian.ru/sale/flat/298967695/;Одинцово;sale;flat;3;16;2;36.3;8100000;; Рябиновая;7;Внуково;Одинцово-1
ЖСС Недвижимость;real_estate_agent;https://odintsovo.cian.ru/sale/flat/305532291/;Одинцово;sale;flat;2;18;1;29.7;6400000;;Вокзальная ;37;Одинцово;
ПИК;developer;https://odintsovo.cian.ru/sale/flat/305711645/;Одинцово;sale;flat;20;25;1;36.1;7876225;;;к1.25.2;Внуково;Одинцово-1
Sdelka Home;real_estate_agent;https://odintsovo.cian.ru/sale/flat/301231723/;Одинцово;sale;flat;15;26;2;40.3;11500000;; Маршала Бирюзова;7к3;Одинцово;Одинград
Семь холмов;real_estate_agent;https://odintsovo.cian.ru/sale/flat/298311299/;Одинцово;sale;flat;23;24;2;62.3;10500000;; Чистяковой;14;Сколково;
Вектор;developer;https://odintsovo.cian.ru/sale/flat/305609615/;Одинцово;sale;flat;15;25;1;55.4;14518000;;;;Одинцово;Союзный ЖК
Аркадий Николаевич Алексеев;realtor;https://odintsovo.cian.ru/sale/flat/308498620/;Одинцово;sale;flat;9;14;2;69.5;12000000;; Триумфальная;5Б;Одинцово;Гусарская баллада
Самолет Плюс;real_estate_agent;https://odintsovo.cian.ru/sale/flat/306934145/;Одинцово;sale;flat;7;9;2;40.0;9000000;;Можайское шоссе;24;Одинцово;
Вектор;developer;https://odintsovo.cian.ru/sale/flat/305609584/;Одинцово;sale;flat;17;19;1;36.6;9468000;;;;Одинцово;Союзный ЖК
ИНКОМ-Недвижимость;real_estate_agent;https://odintsovo.cian.ru/sale/flat/308887502/;Одинцово;sale;flat;18;25;2;50.0;10500000;; Рябиновая;1к1;Внуково;Одинцово-1
Vysotsky Estate;real_estate_agent;https://odintsovo.cian.ru/sale/flat/307260346/;Одинцово;sale;flat;8;14;1;38.2;7000000;;Северная ;12;Одинцово;
INGRAD;developer;https://odintsovo.cian.ru/sale/flat/308823798/;Одинцово;sale;flat;9;24;2;62.56;16385734;;;6;Одинцово;Одинград квартал Семейный ЖК
Комета Эстейт;real_estate_agent;https://odintsovo.cian.ru/sale/flat/305679248/;Одинцово;sale;flat;2;25;2;51.0;10249999;; Каштановая;7;Внуково;Одинцово-1
Манхэттен эстейт;real_estate_agent;https://odintsovo.cian.ru/sale/flat/303330318/;Одинцово;sale;flat;1;12;2;47.6;8500000;;Можайское шоссе;45;Одинцово;
Вектор;developer;https://odintsovo.cian.ru/sale/flat/305609614/;Одинцово;sale;flat;15;25;1;58.1;14843000;;;;Одинцово;Союзный ЖК
Дом сервис плюс;real_estate_agent;https://odintsovo.cian.ru/sale/flat/299282882/;Одинцово;sale;flat;1;5;1;28.8;6100000;;Можайское шоссе;1;Одинцово;
ЖСС Недвижимость;real_estate_agent;https://odintsovo.cian.ru/sale/flat/303065187/;Одинцово;sale;flat;4;17;2;52.0;9999000;;бульвар Маршала Крылова;4;Баковка;
INGRAD;developer;https://odintsovo.cian.ru/sale/flat/308823779/;Одинцово;sale;flat;22;24;2;42.47;10128180;;;5;Одинцово;Одинград квартал Семейный ЖК
Анна Кравченко;realtor;https://odintsovo.cian.ru/sale/flat/308801732/;Одинцово;sale;flat;1;9;2;49.7;8350000;;Любы Новоселовой бульвар;1к1;Одинцово;
CENTURY 21 Столичная недвижимость;real_estate_agent;https://odintsovo.cian.ru/sale/flat/302634290/;Одинцово;sale;flat;5;23;2;53.0;10900000;; Чистяковой;2;Сколково;
INGRAD;developer;https://odintsovo.cian.ru/sale/flat/304073955/;Одинцово;sale;flat;24;24;1;37.12;9525220;;;5;Одинцово;Одинград квартал Семейный ЖК
Татьяна Шевчук;realtor;https://odintsovo.cian.ru/sale/flat/308266133/;Одинцово;sale;flat;18;25;2;57.2;10900000;; Рябиновая;3;Внуково;Одинцово-1
Лидер-Estate;real_estate_agent;https://odintsovo.cian.ru/sale/flat/306574177/;Одинцово;sale;flat;6;24;2;45.0;8250000;; Кутузовская;15;Сколково;
Вектор;developer;https://odintsovo.cian.ru/sale/flat/305986783/;Одинцово;sale;flat;19;25;1;40.9;11547000;;;;Одинцово;Союзный ЖК
Марина Захарченко;realtor;https://odintsovo.cian.ru/sale/flat/294909973/;Одинцово;sale;flat;1;9;2;50.0;9900000;; Маршала Жукова;7;Одинцово;
СмениКварти.Ру;real_estate_agent;https://odintsovo.cian.ru/sale/flat/308462161/;Одинцово;sale;flat;2;9;2;48.3;10700000;;Любы Новоселовой бульвар;3к2;Одинцово;
Марина Бессонова;realtor;https://odintsovo.cian.ru/sale/flat/298757224/;Одинцово;sale;flat;23;25;2;60.0;10100000;; Кутузовская;72Б;Сколково;Новая Трехгорка
ИНКОМ-Недвижимость;real_estate_agent;https://odintsovo.cian.ru/sale/flat/307954454/;Одинцово;sale;flat;9;15;1;38.3;11250000;; Маршала Бирюзова;13;Одинцово;Одинград
Центральная Служба Недвижимости;real_estate_agent;https://odintsovo.cian.ru/sale/flat/300567144/;Одинцово;sale;flat;10;12;2;50.0;10500000;; Верхне-Пролетарская;1к2;Одинцово;
Владис;real_estate_agent;https://odintsovo.cian.ru/sale/flat/306040957/;Одинцово;sale;flat;24;25;2;70.5;10450000;;;;Одинцово;Союзный ЖК
Светлана Орловская;realtor;https://odintsovo.cian.ru/sale/flat/298490447/;Одинцово;sale;flat;1;9;2;49.4;8990000;;Союзная ;8;Одинцово;
МИЭЛЬ;real_estate_agent;https://odintsovo.cian.ru/sale/flat/306467209/;Одинцово;sale;flat;9;19;2;65.0;11900000;;Северная ;7;Одинцово;Одинбург
ИНКОМ-Недвижимость;real_estate_agent;https://odintsovo.cian.ru/sale/flat/302309290/;Одинцово;sale;flat;2;23;1;43.5;8840000;; Маковского;16;Одинцово;
Леонид Доллен;realtor;https://odintsovo.cian.ru/sale/flat/307728981/;Одинцово;sale;flat;18;25;1;40.0;8200000;; Чистяковой;6;Сколково;
Виктория Мясникова;realtor;https://odintsovo.cian.ru/sale/flat/298706830/;Одинцово;sale;flat;20;25;2;64.0;10700000;; Чистяковой;40;Сколково;
Манхэттен эстейт;real_estate_agent;https://odintsovo.cian.ru/sale/flat/305272054/;Одинцово;sale;flat;10;20;2;55.6;10300000;; Чистяковой;68;Сколково;
ИНКОМ-Недвижимость;real_estate_agent;https://odintsovo.cian.ru/sale/flat/308566255/;Одинцово;sale;flat;11;24;1;44.5;8900000;; Чистяковой;62;Сколково;
ОГРК;real_estate_agent;https://odintsovo.cian.ru/sale/flat/308341165/;Одинцово;sale;flat;15;18;1;46.3;8900000;; Белорусская;10;Одинцово;Одинцовский Парк
ЖСС Недвижимость;real_estate_agent;https://odintsovo.cian.ru/sale/flat/303065165/;Одинцово;sale;flat;7;17;1;40.8;7700000;; Триумфальная;7;Одинцово;Гусарская баллада
Людмила Кокурина;realtor;https://odintsovo.cian.ru/sale/flat/308247873/;Одинцово;sale;flat;1;9;2;43.5;8450000;;Вокзальная ;7;Одинцово;
Виталий Кудрявцев;realtor;https://odintsovo.cian.ru/sale/flat/305942621/;Одинцово;sale;flat;8;12;2;38.0;7175000;;Вокзальная ;13;Одинцово;
МОСКОВСКИЙ КРЕДИТНЫЙ БАНК;real_estate_agent;https://odintsovo.cian.ru/sale/flat/281154761/;Одинцово;sale;flat;4;19;2;66.1;9800000;; Кутузовская;25;Сколково;
Миэль офис в Одинцово;real_estate_agent;https://odintsovo.cian.ru/sale/flat/301759583/;Одинцово;sale;flat;17;19;1;46.0;9400000;;Глазынинская ;26;Одинцово;Одинцово, мкр. 8
Монолит Столица;real_estate_agent;https://odintsovo.cian.ru/sale/flat/304860443/;Одинцово;sale;flat;9;23;1;35.4;9000000;; Каштановая;14к1;Внуково;Одинцово-1
ЖСС Недвижимость;real_estate_agent;https://odintsovo.cian.ru/sale/flat/303065102/;Одинцово;sale;flat;9;10;2;60.0;11400000;; Гвардейская;15;Одинцово;Гусарская баллада
Елена Дыльнова;realtor;https://odintsovo.cian.ru/sale/flat/270538290/;Одинцово;sale;flat;17;20;2;69.0;10000000;; Белорусская;10;Одинцово;Одинцовский Парк
Наталья Воробьева;realtor;https://odintsovo.cian.ru/sale/flat/307755361/;Одинцово;sale;flat;13;17;1;38.2;9500000;; Маршала Жукова;34А;Одинцово;
Гаяна Мелконян;realtor;https://odintsovo.cian.ru/sale/flat/306817902/;Одинцово;sale;flat;10;12;2;54.0;8200000;;Молодежная ;7;Одинцово;
Ирина Тинаева;realtor;https://odintsovo.cian.ru/sale/flat/308854067/;Одинцово;sale;flat;4;22;1;35.1;8600000;; Сколковская;3Б;Сколково;Сколковский
ИНКОМ-Недвижимость;real_estate_agent;https://odintsovo.cian.ru/sale/flat/306905065/;Одинцово;sale;flat;9;25;1;43.1;8500000;; Сколковская;5Б;Сколково;Сколковский
Самолет плюс;real_estate_agent;https://odintsovo.cian.ru/sale/flat/306029735/;Одинцово;sale;flat;5;18;2;40.1;9300000;; Рябиновая;3к1;Внуково;Одинцово-1
Светлана Штырняева;realtor;https://odintsovo.cian.ru/sale/flat/308302271/;Одинцово;sale;flat;15;22;1;44.0;8200000;мкр. Новая Трехгорка; Чистяковой;65;;Новая Трехгорка
Артем Тугумов;realtor;https://odintsovo.cian.ru/sale/flat/307371554/;Одинцово;sale;flat;13;16;1;38.0;7700000;;бульвар Маршала Крылова;4;Баковка;
Кельтум Лакехаль;realtor;https://odintsovo.cian.ru/sale/flat/306103040/;Одинцово;sale;flat;8;26;2;59.4;10300000;; Кутузовская;72Б;Сколково;Новая Трехгорка
Любовь Рублева;realtor;https://odintsovo.cian.ru/sale/flat/209983265/;Одинцово;sale;flat;5;5;2;48.0;8800000;мкр. 6-й;Можайское шоссе;108;;
Центр обмена жилья;real_estate_agent;https://odintsovo.cian.ru/sale/flat/307536479/;Одинцово;sale;flat;12;25;1;41.0;9400000;;Северная ;9;Одинцово;Одинбург
CENTURY 21 Столичная недвижимость;real_estate_agent;https://odintsovo.cian.ru/sale/flat/307778594/;Одинцово;sale;flat;10;24;1;41.0;8190000;; Чистяковой;16;Сколково;
Елена Гаврилова;realtor;https://odintsovo.cian.ru/sale/flat/306837404/;Одинцово;sale;flat;3;25;2;50.1;10500000;; Рябиновая;3;Внуково;Одинцово-1
Владис;real_estate_agent;https://odintsovo.cian.ru/sale/flat/305462789/;Одинцово;sale;flat;20;25;1;50.0;11800000;; Маковского;20;Одинцово;
i-deal;real_estate_agent;https://odintsovo.cian.ru/sale/flat/305647525/;Одинцово;sale;flat;15;25;2;47.0;10000000;; Маковского;28;Одинцово;Союзный
Анна Гаджиева;realtor;https://odintsovo.cian.ru/sale/flat/308862752/;Одинцово;sale;flat;7;20;2;46.0;8800000;; Белорусская;3;Одинцово;Одинцовский Парк
Этажи Москва;real_estate_agent;https://odintsovo.cian.ru/sale/flat/304538540/;Одинцово;sale;flat;18;25;2;57.2;10900000;; Рябиновая;3;Внуково;Одинцово-1
Александр Ковшов;realtor;https://odintsovo.cian.ru/sale/flat/308634123/;Одинцово;sale;flat;21;24;2;55.5;9500000;; Белорусская;8;Одинцово;Одинцовский Парк
Сергей Павлович Романовский;realtor;https://odintsovo.cian.ru/sale/flat/308107587/;Одинцово;sale;flat;15;24;1;36.0;8500000;; Сколковская;1В;Сколково;Сколковский
GENESIS Asset Management;real_estate_agent;https://odintsovo.cian.ru/sale/flat/308387025/;Одинцово;sale;flat;15;25;1;35.0;8600000;; Каштановая;8;Внуково;Одинцово-1
ПРЕМЬЕР;real_estate_agent;https://odintsovo.cian.ru/sale/flat/305125114/;Одинцово;sale;flat;22;22;2;55.6;8399000;; Чистяковой;67;Сколково;Новая Трехгорка
Century 21 Premium Property;real_estate_agent;https://odintsovo.cian.ru/sale/flat/296281018/;Одинцово;sale;flat;8;19;1;44.6;10500000;; Кутузовская;33;Сколково;Новая Трехгорка
Ключи;real_estate_agent;https://odintsovo.cian.ru/sale/flat/304897971/;Одинцово;sale;flat;2;16;2;62.0;12000000;; Чистяковой;12;Сколково;
Жанна Панова;realtor;https://odintsovo.cian.ru/sale/flat/307986822/;Одинцово;sale;flat;12;25;2;66.0;11900000;Одинцово; Ракетчиков;6;;Одинцово-1
КРАММ;real_estate_agent;https://odintsovo.cian.ru/sale/flat/308506355/;Одинцово;sale;flat;2;19;1;48.0;9870000;; Кутузовская;10;Сколково;
WHITE BROKER;real_estate_agent;https://odintsovo.cian.ru/sale/flat/308354992/;Одинцово;sale;flat;12;14;1;34.5;8730000;;Северная ;26;Одинцово;
Ирина Стогний;realtor;https://odintsovo.cian.ru/sale/flat/274831192/;Одинцово;sale;flat;5;22;1;51.0;9500000;; Белорусская;4;Одинцово;Одинцовский Парк
ЕГСН Продажа;real_estate_agent;https://odintsovo.cian.ru/sale/flat/303485798/;Одинцово;sale;flat;13;24;1;40.0;7900000;; Чистяковой;48;Сколково;
Светлана Бирюкова;realtor;https://odintsovo.cian.ru/sale/flat/307680771/;Одинцово;sale;flat;9;9;1;32.6;8200000;;Новоспортивная ;24;Одинцово;
Наталья Баулина;realtor;https://odintsovo.cian.ru/sale/flat/300658529/;Одинцово;sale;flat;20;22;2;56.0;9500000;; Чистяковой;66;Сколково;
Вадим Волков;realtor;https://odintsovo.cian.ru/sale/flat/295161958/;Одинцово;sale;flat;3;17;2;62.0;10500000;; Чистяковой;52;Сколково;
Виталий Федоров;realtor;https://odintsovo.cian.ru/sale/flat/307460568/;Одинцово;sale;flat;10;14;2;52.0;9300000;;Сосновая ;32;Одинцово;
Контис-с;real_estate_agent;https://odintsovo.cian.ru/sale/flat/307110980/;Одинцово;sale;flat;6;25;1;49.0;10500000;;Северная ;5к2;Одинцово;Одинбург
Монолит Столица;real_estate_agent;https://odintsovo.cian.ru/sale/flat/308793333/;Одинцово;sale;flat;4;16;2;56.7;11500000;;бульвар Маршала Крылова;14;Баковка;
Семён Шугуров;realtor;https://odintsovo.cian.ru/sale/flat/303779095/;Одинцово;sale;flat;2;27;1;39.3;8399999;; Сколковская;3В;Сколково;Сколковский
Азбука Жилья;real_estate_agent;https://odintsovo.cian.ru/sale/flat/302547145/;Одинцово;sale;flat;12;25;1;36.0;7450000;; Белорусская;2;Одинцово;Одинцовский Парк
Контис-с;real_estate_agent;https://odintsovo.cian.ru/sale/flat/306799153/;Одинцово;sale;flat;11;14;1;46.0;9700000;; Триумфальная;5Б;Одинцово;Гусарская баллада
Манхэттен эстейт;real_estate_agent;https://odintsovo.cian.ru/sale/flat/300048450/;Одинцово;sale;flat;10;14;2;53.5;10000000;; Маршала Жукова;18;Одинцово;
Светлана Верещак;realtor;https://odintsovo.cian.ru/sale/flat/299791087/;Одинцово;sale;flat;1;9;2;47.5;8500000;;Можайское шоссе;58;Одинцово;
СмениКварти.Ру;real_estate_agent;https://odintsovo.cian.ru/sale/flat/304621202/;Одинцово;sale;flat;2;14;2;55.0;11700000;;Можайское шоссе;44;Одинцово;
РЕАЛЬНАЯ НЕДВИЖИМОСТЬ;real_estate_agent;https://odintsovo.cian.ru/sale/flat/296464080/;Одинцово;sale;flat;21;26;2;54.3;11350000;; Каштановая;6;Внуково;Одинцово-1
EuroDoma;real_estate_agent;https://odintsovo.cian.ru/sale/flat/297587600/;Одинцово;sale;flat;16;25;1;39.0;7500000;;;;Одинцово;Микрорайон Центральный
Павел Куницкий;realtor;https://odintsovo.cian.ru/sale/flat/306547615/;Одинцово;sale;flat;17;25;1;44.0;11350000;; Маршала Бирюзова;2а;Одинцово;Микрорайон Центральный
Манхэттен эстейт;real_estate_agent;https://odintsovo.cian.ru/sale/flat/298662800/;Одинцово;sale;flat;20;22;1;39.0;8950000;; Маковского;28;Одинцово;Союзный
Мария Бархударян;realtor;https://odintsovo.cian.ru/sale/flat/302560771/;Одинцово;sale;flat;3;24;1;44.7;8150000;; Чистяковой;65;Сколково;Новая Трехгорка
Наталья Фолькман;realtor;https://odintsovo.cian.ru/sale/flat/302991636/;Одинцово;sale;flat;5;27;1;43.2;11500000;;Можайское шоссе;100А;Баковка;Кварта
Татьяна Гончарова;realtor;https://odintsovo.cian.ru/sale/flat/308292972/;Одинцово;sale;flat;3;5;2;45.0;8000000;; Маршала Жукова;45;Одинцово;
Кутузовский проспект;real_estate_agent;https://odintsovo.cian.ru/sale/flat/306771103/;Одинцово;sale;flat;5;24;1;40.0;9650000;; Кутузовская;1;Сколково;
Александр Яковлев;realtor;https://odintsovo.cian.ru/sale/flat/305315232/;Одинцово;sale;flat;4;26;1;42.2;9099999;;Северная ;13;Одинцово;Одинбург
Лидер-Estate;real_estate_agent;https://odintsovo.cian.ru/sale/flat/304838520/;Одинцово;sale;flat;20;20;2;56.0;10500000;; Кутузовская;3;Сколково;
Елена Костина;realtor;https://odintsovo.cian.ru/sale/flat/300422499/;Одинцово;sale;flat;21;27;1;38.6;8900000;; Маковского;26;Одинцово;Союзный
Алексей Авдюшин;realtor;https://odintsovo.cian.ru/sale/flat/307588919/;Одинцово;sale;flat;24;26;1;32.2;8999999;; Сколковская;9А;Сколково;Сколковский
Ключи;real_estate_agent;https://odintsovo.cian.ru/sale/flat/304896742/;Одинцово;sale;flat;4;15;2;39.5;8900000;; Рябиновая;7;Внуково;Одинцово-1
ЕГСН Продажа;real_estate_agent;https://odintsovo.cian.ru/sale/flat/296210566/;Одинцово;sale;flat;5;20;1;44.7;8500000;; Чистяковой;65;Сколково;
ИНКОМ-Недвижимость;real_estate_agent;https://odintsovo.cian.ru/sale/flat/308406484/;Одинцово;sale;flat;15;24;1;50.0;11800000;; Маковского;20;Одинцово;
Монолит Столица;real_estate_agent;https://odintsovo.cian.ru/sale/flat/308694415/;Одинцово;sale;flat;4;17;2;63.0;10490000;; Чистяковой;76;Сколково;
Сергей Аленин;realtor;https://odintsovo.cian.ru/sale/flat/304967274/;Одинцово;sale;flat;18;24;1;47.0;9850000;; Маршала Жукова;11А;Одинцово;
Ольга Богатырева;realtor;https://odintsovo.cian.ru/sale/flat/303129755/;Одинцово;sale;flat;18;19;1;46.0;9400000;; Кутузовская;23;Сколково;Новая Трехгорка
Виктория Вернигор;realtor;https://odintsovo.cian.ru/sale/flat/308238307/;Одинцово;sale;flat;7;20;1;37.1;8450000;; Кутузовская;21;Сколково;
МИЭЛЬ;real_estate_agent;https://odintsovo.cian.ru/sale/flat/306793774/;Одинцово;sale;flat;9;9;2;46.7;9500000;;Комсомольская ;2;Одинцово;
DOLGOV PRO;real_estate_agent;https://odintsovo.cian.ru/sale/flat/299634174/;Одинцово;sale;flat;13;18;2;46.2;10500000;;Вокзальная ;37;Одинцово;
Любовь Рублева;realtor;https://odintsovo.cian.ru/sale/flat/307076370/;Одинцово;sale;flat;10;25;1;37.6;8500000;;Северная ;36;Одинцово;Единый Стандарт
Премиум;real_estate_agent;https://odintsovo.cian.ru/sale/flat/302638329/;Одинцово;sale;flat;1;12;2;47.0;9000000;;Можайское шоссе;136;Баковка;
ФСК Агент;real_estate_agent;https://odintsovo.cian.ru/sale/flat/292851608/;Одинцово;sale;flat;17;24;2;66.1;10500000;; Кутузовская;23;Сколково;Новая Трехгорка
ЭВЕРЕСТ;real_estate_agent;https://odintsovo.cian.ru/sale/flat/305937390/;Одинцово;sale;flat;3;22;2;55.7;10500000;; Кутузовская;17;Сколково;Новая Трехгорка
Alfa Forum Real Estate;real_estate_agent;https://odintsovo.cian.ru/sale/flat/305292106/;Одинцово;sale;flat;5;24;1;51.8;10500000;;Садовая ;28;Одинцово;
Павел Середа;realtor;https://odintsovo.cian.ru/sale/flat/303872596/;Одинцово;sale;flat;9;19;2;66.0;10500000;; Кутузовская;25;Сколково;
Чеховский Недвижимость;real_estate_agent;https://odintsovo.cian.ru/sale/flat/307076067/;Одинцово;sale;flat;14;25;2;49.9;10600000;; Рябиновая;1;Внуково;Одинцово-1
НДВ;real_estate_agent;https://odintsovo.cian.ru/sale/flat/295664168/;Одинцово;sale;flat;8;27;1;37.5;10700000;;Можайское шоссе;100А;Баковка;Кварта
На Петровке;real_estate_agent;https://odintsovo.cian.ru/sale/flat/306398049/;Одинцово;sale;flat;17;23;2;60.0;10700000;; Каштановая;16;Внуково;Одинцово-1
CENTURY 21 Столичная недвижимость;real_estate_agent;https://odintsovo.cian.ru/sale/flat/307413404/;Одинцово;sale;flat;5;24;2;62.3;10800000;; Чистяковой;6;Сколково;
МЕЗОН;real_estate_agent;https://odintsovo.cian.ru/sale/flat/294489543/;Одинцово;sale;flat;10;25;2;49.6;10850000;;;;Новопеределкино;Одинцово-1
Ирина Тинаева;realtor;https://odintsovo.cian.ru/sale/flat/304665064/;Одинцово;sale;flat;21;25;2;45.0;10750000;; Сколковская;9А;Сколково;Сколковский
Евгений Устинов;realtor;https://odintsovo.cian.ru/sale/flat/306609584/;Одинцово;sale;flat;6;17;2;51.0;10800000;;Можайское шоссе;45а;Одинцово;
СмениКварти.Ру;real_estate_agent;https://odintsovo.cian.ru/sale/flat/306841295/;Одинцово;sale;flat;6;9;2;52.0;10999999;; Говорова;8к2;Одинцово;
Самолет Плюс Москва ЦАО;real_estate_agent;https://odintsovo.cian.ru/sale/flat/300592416/;Одинцово;sale;flat;12;24;2;66.3;11000000;; Чистяковой;65;Сколково;
WHITE BROKER;real_estate_agent;https://odintsovo.cian.ru/sale/flat/307673313/;Одинцово;sale;flat;13;19;2;50.4;11000000;; Каштановая;14;Внуково;Одинцово-1
Татьяна Фролова;realtor;https://odintsovo.cian.ru/sale/flat/308562251/;Одинцово;sale;flat;19;20;2;67.5;11000000;; Кутузовская;23;Сколково;Новая Трехгорка
Самолет плюс;real_estate_agent;https://odintsovo.cian.ru/sale/flat/305578394/;Одинцово;sale;flat;4;15;2;60.0;11800000;; Рябиновая;3к1;Внуково;Одинцово-1
НДВ;real_estate_agent;https://odintsovo.cian.ru/sale/flat/307412900/;Одинцово;sale;flat;4;25;1;41.0;11800000;; Сколковская;3В;Сколково;Сколковский
Игорь Кудрявцев;realtor;https://odintsovo.cian.ru/sale/flat/279062020/;Одинцово;sale;flat;2;19;2;66.1;11890000;; Кутузовская;35;Сколково;
Самолет плюс;real_estate_agent;https://odintsovo.cian.ru/sale/flat/305145115/;Одинцово;sale;flat;8;24;2;67.23;11900000;; Белорусская;9;Одинцово;Одинцовский Парк
FOX ESTATE;real_estate_agent;https://odintsovo.cian.ru/sale/flat/304961480/;Одинцово;sale;flat;15;15;2;65.0;11990000;; Рябиновая;3;Внуково;Одинцово-1
Дмитрий Борисов;realtor;https://odintsovo.cian.ru/sale/flat/308500726/;Одинцово;sale;flat;4;15;2;61.4;11900000;; Триумфальная;2;Одинцово;Гусарская баллада
Замоскворечье;real_estate_agent;https://odintsovo.cian.ru/sale/flat/307461250/;Одинцово;sale;flat;13;15;2;64.8;11999999;; Триумфальная;1;Одинцово;Гусарская баллада
Антон Борисенко;realtor;https://odintsovo.cian.ru/sale/flat/308959554/;Одинцово;sale;flat;9;17;2;63.5;12000000;; Триумфальная;4;Одинцово;Гусарская баллада
CENTURY 21 Перспектива;real_estate_agent;https://odintsovo.cian.ru/sale/flat/303634428/;Одинцово;sale;flat;4;24;2;62.0;12000000;; Чистяковой;62;Сколково;
Этажи Москва;real_estate_agent;https://odintsovo.cian.ru/sale/flat/308796636/;Одинцово;sale;flat;19;24;2;62.56;12000000;;;6;Одинцово;Одинград квартал Семейный ЖК
ИНКОМ-Недвижимость;real_estate_agent;https://odintsovo.cian.ru/sale/flat/308099237/;Одинцово;sale;flat;9;18;2;54.6;12100000;;Вокзальная ;37к1;Одинцово;
МИЦ-Столичный ипотечный центр недвижимости;real_estate_agent;https://odintsovo.cian.ru/sale/flat/306754878/;Одинцово;sale;flat;11;16;2;56.8;12000000;;Красногорское шоссе;2;Одинцово;
Ирина Цапко;realtor;https://odintsovo.cian.ru/sale/flat/299298871/;Одинцово;sale;flat;10;24;2;72.0;12000000;; Белорусская;9;Одинцово;Одинцовский Парк
Павел Немченко;realtor;https://odintsovo.cian.ru/sale/flat/307146241/;Одинцово;sale;flat;2;25;1;56.0;12000000;; Сколковская;1А;Сколково;Сколковский
Наиль Губайдуллин;realtor;https://odintsovo.cian.ru/sale/flat/308401171/;Одинцово;sale;flat;4;19;2;63.9;12000000;;Северная ;7;Одинцово;Одинбург
Монолит Столица;real_estate_agent;https://odintsovo.cian.ru/sale/flat/302338928/;Одинцово;sale;flat;17;24;2;62.4;12200000;; Чистяковой;67;Сколково;
ГОРОБМЕН;real_estate_agent;https://odintsovo.cian.ru/sale/flat/307462372/;Одинцово;sale;flat;9;17;2;60.3;12200000;; Кутузовская;4А;Сколково;
ГОРОБМЕН;real_estate_agent;https://odintsovo.cian.ru/sale/flat/304462822/;Одинцово;sale;flat;12;17;1;50.9;12300000;;Вокзальная ;19;Одинцово;Вокзальная 19
Ольга Сергеева;realtor;https://odintsovo.cian.ru/sale/flat/299681432/;Одинцово;sale;flat;20;24;2;72.0;12250000;; Белорусская;13;Одинцово;Одинцовский Парк
Вероника Данилова;realtor;https://odintsovo.cian.ru/sale/flat/305754016/;Одинцово;sale;flat;10;18;1;48.0;12350000;; Триумфальная;7;Одинцово;Гусарская баллада
БЕСТ-Недвижимость на Баррикадной;real_estate_agent;https://odintsovo.cian.ru/sale/flat/270163465/;Одинцово;sale;flat;21;24;2;66.8;12500000;; Чистяковой;8;Сколково;
ГОРОБМЕН;real_estate_agent;https://odintsovo.cian.ru/sale/flat/308635738/;Одинцово;sale;flat;2;17;2;56.0;12500000;;Вокзальная ;19;Одинцово;Вокзальная 19
ИНКОМ-Недвижимость;real_estate_agent;https://odintsovo.cian.ru/sale/flat/308296366/;Одинцово;sale;flat;8;17;2;64.7;12500000;; Триумфальная;8;Одинцово;Гусарская баллада
Виктор Вовк;realtor;https://odintsovo.cian.ru/sale/flat/303584940/;Одинцово;sale;flat;21;25;1;54.0;12500000;;Можайское шоссе;169;Баковка;Можайское ш. 169
ЗелАН;real_estate_agent;https://odintsovo.cian.ru/sale/flat/291609011/;Одинцово;sale;flat;9;18;2;57.0;12600000;;Вокзальная ;19;Одинцово;Вокзальная 19
Наталия Колесниченко;realtor;https://odintsovo.cian.ru/sale/flat/307529484/;Одинцово;sale;flat;11;17;2;64.3;12500000;; Триумфальная;4;Одинцово;Гусарская баллада
Галина Павлова;realtor;https://odintsovo.cian.ru/sale/flat/305872286/;Одинцово;sale;flat;7;17;2;64.7;12500000;; Гвардейская;15;Одинцово;Гусарская баллада
Владис;real_estate_agent;https://odintsovo.cian.ru/sale/flat/306174082/;Одинцово;sale;flat;19;25;2;65.9;12500000;;;;Одинцово;Союзный ЖК
Ключ к Недвижимости;real_estate_agent;https://odintsovo.cian.ru/sale/flat/302547798/;Одинцово;sale;flat;15;24;2;60.13;12500000;;;6;Одинцово;Одинград квартал Семейный ЖК
Самолет Плюс МСК-Север;real_estate_agent;https://odintsovo.cian.ru/sale/flat/307251624/;Одинцово;sale;flat;13;25;2;65.9;12500000;;;8;Одинцово;Одинград. Семейный квартал
Адрес;real_estate_agent;https://odintsovo.cian.ru/sale/flat/304413140/;Одинцово;sale;flat;17;20;2;63.3;12500000;; Триумфальная;4;Одинцово;Гусарская баллада
Елена Рощина;realtor;https://odintsovo.cian.ru/sale/flat/304901284/;Одинцово;sale;flat;9;22;2;55.8;12600000;; Чистяковой;66;Сколково;
Тамара Осипова;realtor;https://odintsovo.cian.ru/sale/flat/307920733/;Одинцово;sale;flat;18;19;1;52.4;12500000;;Можайское шоссе;169;Баковка;Можайское ш. 169
Владис;real_estate_agent;https://odintsovo.cian.ru/sale/flat/293942768/;Одинцово;sale;flat;13;25;1;49.4;12800000;; Сколковская;1Г;Сколково;Сколковский
M-PROPERTY moscow property;real_estate_agent;https://odintsovo.cian.ru/sale/flat/304593267/;Одинцово;sale;flat;12;15;2;64.5;12975000;; Рябиновая;3;Внуково;Одинцово-1
Елена Ряскина;realtor;https://odintsovo.cian.ru/sale/flat/307826456/;Одинцово;sale;flat;6;22;2;68.7;12900000;; Белорусская;8;Одинцово;Одинцовский Парк
Гранд недвижимость;real_estate_agent;https://odintsovo.cian.ru/sale/flat/308015966/;Одинцово;sale;flat;8;17;2;62.0;12990000;; Говорова;50;Баковка;
ИНКОМ-Недвижимость;real_estate_agent;https://odintsovo.cian.ru/sale/flat/308099228/;Одинцово;sale;flat;16;22;2;64.0;13000000;; Сколковская;3Б;Сколково;Сколковский
ИНКОМ-Недвижимость;real_estate_agent;https://odintsovo.cian.ru/sale/flat/308341224/;Одинцово;sale;flat;21;25;2;45.0;13000000;; Сколковская;1А;Сколково;Сколковский
НДВ;real_estate_agent;https://odintsovo.cian.ru/sale/flat/301862421/;Одинцово;sale;flat;13;22;2;61.5;13000000;; Сколковская;3Б;Сколково;Сколковский
Дом сервис плюс;real_estate_agent;https://odintsovo.cian.ru/sale/flat/307869772/;Одинцово;sale;flat;2;25;2;60.1;13000000;;Садовая ;22А;Одинцово;
Марина Бессонова;realtor;https://odintsovo.cian.ru/sale/flat/308190549/;Одинцово;sale;flat;17;24;2;60.0;13000000;мкр. 8-й;Комсомольская ;11;;
НЕДВИЖИМОСТЬ ПЛЮС;real_estate_agent;https://odintsovo.cian.ru/sale/flat/302396356/;Одинцово;sale;flat;2;25;2;49.0;13000000;; Маршала Бирюзова;7к4;Одинцово;Одинград
Светлана Титова;realtor;https://odintsovo.cian.ru/sale/flat/302280401/;Одинцово;sale;flat;19;25;2;59.3;13250000;; Сколковская;1Б;Сколково;Сколковский
Владис;real_estate_agent;https://odintsovo.cian.ru/sale/flat/308640443/;Одинцово;sale;flat;8;24;2;55.0;13250000;;Северная ;5к3;Одинцово;Одинбург
Самолет плюс;real_estate_agent;https://odintsovo.cian.ru/sale/flat/307433727/;Одинцово;sale;flat;25;25;2;64.0;13150000;; Маковского;26;Одинцово;Союзный
Доступная Недвижимость. 8 отдел;real_estate_agent;https://odintsovo.cian.ru/sale/flat/308928192/;Одинцово;sale;flat;8;25;2;57.0;13300000;; Каштановая;10;Внуково;Одинцово-1
Любовь Рублева;realtor;https://odintsovo.cian.ru/sale/flat/306409946/;Одинцово;sale;flat;7;17;2;64.7;15100000;;Можайское шоссе;34;Одинцово;
Монолит Столица;real_estate_agent;https://odintsovo.cian.ru/sale/flat/303773279/;Одинцово;sale;flat;11;25;2;61.3;15350000;; Маршала Бирюзова;7к2;Одинцово;Одинград
ГОРОБМЕН;real_estate_agent;https://odintsovo.cian.ru/sale/flat/307249773/;Одинцово;sale;flat;2;24;2;65.7;15950000;;Можайское шоссе;122;Баковка;Да Винчи
ИНКОМ-Недвижимость;real_estate_agent;https://odintsovo.cian.ru/sale/flat/307853020/;Одинцово;sale;flat;23;28;2;66.4;15990000;;Можайское шоссе;122;Баковка;Да Винчи
Марина Сырник;realtor;https://odintsovo.cian.ru/sale/flat/290529779/;Одинцово;sale;flat;9;25;1;58.9;15900000;;бульвар Маршала Крылова;25а;Баковка;Первый
АРЧЕДО-Недвижимость;real_estate_agent;https://odintsovo.cian.ru/sale/flat/303385287/;Одинцово;sale;flat;6;7;2;62.2;16000000;; Говорова;7;Баковка;
Самолет Плюс;real_estate_agent;https://odintsovo.cian.ru/sale/flat/307146927/;Одинцово;sale;flat;4;17;2;71.0;16200000;; Говорова;36;Баковка;
Наталья Александровна Зайкина;realtor;https://odintsovo.cian.ru/sale/flat/299060554/;Одинцово;sale;flat;17;28;2;61.2;16200000;;Можайское шоссе;122;Баковка;Да Винчи
ОГРК;real_estate_agent;https://odintsovo.cian.ru/sale/flat/308060802/;Одинцово;sale;flat;13;23;1;59.1;16600000;; Говорова;26А;Баковка;Говорова 26А
Чеховский Недвижимость;real_estate_agent;https://odintsovo.cian.ru/sale/flat/308941468/;Одинцово;sale;flat;25;25;2;57.5;17000000;; Сколковская;9Б;Сколково;Сколковский
Самолет плюс;real_estate_agent;https://odintsovo.cian.ru/sale/flat/307213949/;Одинцово;sale;flat;8;25;2;68.6;17300000;;Вокзальная ;31;Одинцово;Сердце Одинцово
Марина Захарченко;realtor;https://odintsovo.cian.ru/sale/flat/282449028/;Одинцово;sale;flat;7;25;2;58.2;17500000;;Можайское шоссе;122;Баковка;Да Винчи
Екатерина Осадчая;realtor;https://odintsovo.cian.ru/sale/flat/303907299/;Одинцово;sale;flat;11;28;2;75.0;17700000;;Можайское шоссе;38Г;Одинцово;Высокая нота
Игорь Лабойко;realtor;https://odintsovo.cian.ru/sale/flat/308260730/;Одинцово;sale;flat;13;24;2;69.3;18000000;; Маковского;20;Одинцово;
Игорь Лабойко;realtor;https://odintsovo.cian.ru/sale/flat/308520030/;Одинцово;sale;flat;6;24;2;71.0;18500000;;Можайское шоссе;122;Баковка;Да Винчи
Чеховский Недвижимость;real_estate_agent;https://odintsovo.cian.ru/sale/flat/306185507/;Одинцово;sale;flat;4;7;2;71.3;19300000;;Можайское шоссе;122;Баковка;Да Винчи
Место;real_estate_agent;https://odintsovo.cian.ru/sale/flat/293267764/;Одинцово;sale;flat;4;25;1;69.0;19200000;;бульвар Маршала Крылова;25а;Баковка;Первый
Любовь Рублева;realtor;https://odintsovo.cian.ru/sale/flat/306409486/;Одинцово;sale;flat;21;24;2;76.0;20500000;;Можайское шоссе;100А;Баковка;Кварта
ЭТАЖИ Подольск;real_estate_agent;https://odintsovo.cian.ru/sale/flat/301390052/;Одинцово;sale;flat;12;24;2;69.9;20490000;;Можайское шоссе;122;Баковка;Да Винчи
Самолет Плюс Москва;real_estate_agent;https://odintsovo.cian.ru/sale/flat/307589729/;Одинцово;sale;flat;7;8;2;71.2;20600000;;Можайское шоссе;122;Баковка;Да Винчи
Максим Григорян;realtor;https://odintsovo.cian.ru/sale/flat/300836829/;Одинцово;sale;flat;13;25;2;100.0;21500000;;бульвар Маршала Крылова;25а;Баковка;Первый
ID 66611303;homeowner;https://odintsovo.cian.ru/sale/flat/307191957/;Одинцово;sale;flat;2;5;-1;44.0;1700000;;Молодежная ;28;Одинцово;
ID 121572500;homeowner;https://odintsovo.cian.ru/sale/flat/307097951/;Одинцово;sale;flat;8;17;-1;60.3;2000000;; Кутузовская;2;Сколково;
Елена Иванова;realtor;https://odintsovo.cian.ru/sale/flat/302952471/;Одинцово;sale;flat;4;5;1;23.3;4600000;;Молодежная ;20;Одинцово;
Delta estate;real_estate_agent;https://odintsovo.cian.ru/sale/flat/307493932/;Одинцово;sale;flat;3;16;1;24.25;4950000;; Чистяковой;8с2;Сколково;Гостиничный комплекс Аметист
Delta estate;real_estate_agent;https://odintsovo.cian.ru/sale/flat/303249314/;Одинцово;sale;flat;3;16;1;23.0;5042984;; Сколковская;1А;Сколково;Сколковский
Роман Антонов;realtor;https://odintsovo.cian.ru/sale/flat/301423764/;Одинцово;sale;flat;1;5;1;30.1;5200000;; Маршала Жукова;47;Одинцово;
ID 73374665;unknown;https://odintsovo.cian.ru/sale/flat/303687956/;Одинцово;sale;flat;4;5;1;31.8;5350000;;Молодежная ;2;Одинцово;
На Петровке;real_estate_agent;https://odintsovo.cian.ru/sale/flat/307743895/;Одинцово;sale;flat;18;25;1;35.8;6800000;;;6;Одинцово;Одинград квартал Семейный ЖК
ID 71498069;unknown;https://odintsovo.cian.ru/sale/flat/297411725/;Одинцово;sale;flat;4;24;1;37.97;6800000;;;5;Одинцово;Одинград квартал Семейный ЖК
ID 32064330;realtor;https://odintsovo.cian.ru/sale/flat/292312355/;Одинцово;sale;flat;1;15;1;45.0;6890000;; Триумфальная;1;Одинцово;Гусарская баллада
ID 94657;realtor;https://odintsovo.cian.ru/sale/flat/307954599/;Одинцово;sale;flat;10;14;1;43.7;6900000;; Триумфальная;5Б;Одинцово;Гусарская баллада
ID 115402087;homeowner;https://odintsovo.cian.ru/sale/flat/306673096/;Одинцово;sale;flat;5;5;1;33.5;6909000;;Можайское шоссе;92;Баковка;
ID 178108;realtor;https://odintsovo.cian.ru/sale/flat/308203485/;Одинцово;sale;flat;4;5;2;39.4;6900000;;Можайское шоссе;104;Баковка;
ID 495664;realtor;https://odintsovo.cian.ru/sale/flat/305071973/;Одинцово;sale;flat;19;25;1;40.9;6990000;; Маршала Жукова;;Баковка;Микрорайон Центральный
ID 104382614;homeowner;https://odintsovo.cian.ru/sale/flat/297577419/;Одинцово;sale;flat;4;23;1;35.8;7000000;; Чистяковой;18;Сколково;
ID 12769366;homeowner;https://odintsovo.cian.ru/sale/flat/302176029/;Одинцово;sale;flat;21;24;1;35.76;7000000;;;5;Одинцово;Одинград квартал Семейный ЖК
Владис;real_estate_agent;https://odintsovo.cian.ru/sale/flat/307827889/;Одинцово;sale;flat;2;25;1;32.3;7100000;; Каштановая;14к1;Внуково;Одинцово-1
Владис;real_estate_agent;https://odintsovo.cian.ru/sale/flat/307910080/;Одинцово;sale;flat;5;25;1;31.3;7200000;; Маршала Бирюзова;7к2;Одинцово;Одинград
Этажи Москва;real_estate_agent;https://odintsovo.cian.ru/sale/flat/307044919/;Одинцово;sale;flat;3;5;2;41.9;7200000;;Можайское шоссе;37;Одинцово;
ID 43482606;realtor;https://odintsovo.cian.ru/sale/flat/302136248/;Одинцово;sale;flat;9;25;1;36.2;7200000;;;1;Одинцово;
Владис;real_estate_agent;https://odintsovo.cian.ru/sale/flat/308406076/;Одинцово;sale;flat;2;12;1;38.3;7200000;; Маршала Жукова;34;Одинцово;
ID 93560261;realtor;https://odintsovo.cian.ru/sale/flat/308951773/;Одинцово;sale;flat;5;9;2;44.5;7200000;;Можайское шоссе;66;Одинцово;
ID 49913122;unknown;https://odintsovo.cian.ru/sale/flat/294502297/;Одинцово;sale;flat;8;25;1;38.8;7200000;; Маршала Жукова;23Ак1;Одинцово;Микрорайон Центральный
ID 12345255;homeowner;https://odintsovo.cian.ru/sale/flat/304167509/;Одинцово;sale;flat;2;18;1;33.5;7150000;; Белорусская;10;Одинцово;Одинцовский Парк
ID 104254093;unknown;https://odintsovo.cian.ru/sale/flat/306447291/;Одинцово;sale;flat;7;18;1;35.4;7150000;;;1.3;Внуково;Каштановая Роща ЖК
Этажи Москва;real_estate_agent;https://odintsovo.cian.ru/sale/flat/307571915/;Одинцово;sale;flat;2;5;2;42.4;7300000;;Можайское шоссе;90;Баковка;
ID 14042926;realtor;https://odintsovo.cian.ru/sale/flat/308491724/;Одинцово;sale;flat;1;16;1;42.6;7300000;; Чистяковой;24;Сколково;
Азбука Жилья;real_estate_agent;https://odintsovo.cian.ru/sale/flat/305415899/;Одинцово;sale;flat;4;25;1;39.8;7300000;;;2;Одинцово;Одинград. Семейный квартал
ID 261783;realtor;https://odintsovo.cian.ru/sale/flat/308240133/;Одинцово;sale;flat;8;16;1;35.0;7300000;;Советская ;1;Одинцово;
ID 154551;real_estate_agent;https://odintsovo.cian.ru/sale/flat/305092676/;Одинцово;sale;flat;22;24;1;38.0;7350000;;Садовая ;24;Одинцово;Единый Стандарт
ID 244558;realtor;https://odintsovo.cian.ru/sale/flat/307700126/;Одинцово;sale;flat;10;25;1;32.3;7400000;;;1.26.1;Внуково;Одинцово-1
ID 29260091;unknown;https://odintsovo.cian.ru/sale/flat/286733921/;Одинцово;sale;flat;4;19;2;38.6;7400000;; Маковского;28;Одинцово;Союзный
ID 105480365;homeowner;https://odintsovo.cian.ru/sale/flat/290237382/;Одинцово;sale;flat;12;16;1;34.4;7350000;;Можайское шоссе;135;Баковка;
Этажи Москва;real_estate_agent;https://odintsovo.cian.ru/sale/flat/308517499/;Одинцово;sale;flat;18;25;1;41.55;7450000;;;10;Одинцово;Одинград. Семейный квартал
Этажи Москва;real_estate_agent;https://odintsovo.cian.ru/sale/flat/306183214/;Одинцово;sale;flat;5;22;1;39.5;7499000;; Белорусская;10;Одинцово;Одинцовский Парк
Этажи Москва;real_estate_agent;https://odintsovo.cian.ru/sale/flat/308561162/;Одинцово;sale;flat;7;9;2;44.0;7900000;;Любы Новоселовой бульвар;2к2;Одинцово;
Этажи Москва;real_estate_agent;https://odintsovo.cian.ru/sale/flat/303251823/;Одинцово;sale;flat;16;24;1;43.0;7999999;; Чистяковой;8;Сколково;
Этажи Москва;real_estate_agent;https://odintsovo.cian.ru/sale/flat/307370697/;Одинцово;sale;flat;4;24;1;39.1;7950000;; Чистяковой;22;Сколково;
Этажи Москва;real_estate_agent;https://odintsovo.cian.ru/sale/flat/308898455/;Одинцово;sale;flat;6;9;2;34.0;7990000;; Маршала Бирюзова;12;Одинцово;
Этажи Москва;real_estate_agent;https://odintsovo.cian.ru/sale/flat/308888358/;Одинцово;sale;flat;6;9;2;34.0;7990000;; Маршала Бирюзова;12;Одинцово;
Владис;real_estate_agent;https://odintsovo.cian.ru/sale/flat/308907085/;Одинцово;sale;flat;7;9;2;44.0;7900000;;Любы Новоселовой бульвар;2к2;Одинцово;
Владис Новый Город;real_estate_agent;https://odintsovo.cian.ru/sale/flat/307206275/;Одинцово;sale;flat;15;16;1;34.3;7900000;;Можайское шоссе;137;Баковка;
Владис;real_estate_agent;https://odintsovo.cian.ru/sale/flat/308260441/;Одинцово;sale;flat;6;19;1;44.7;7990000;; Кутузовская;25;Сколково;
Владис;real_estate_agent;https://odintsovo.cian.ru/sale/flat/303918545/;Одинцово;sale;flat;8;25;1;31.3;7950000;; Маршала Бирюзова;7к2;Одинцово;Одинград
Владис;real_estate_agent;https://odintsovo.cian.ru/sale/flat/308701088/;Одинцово;sale;flat;6;20;1;39.0;7900000;; Триумфальная;12;Одинцово;Гусарская баллада
ID 104774;unknown;https://odintsovo.cian.ru/sale/flat/299450869/;Одинцово;sale;flat;9;16;1;43.4;7900000;; Чистяковой;24;Сколково;
Светлана Афанасьева;realtor;https://odintsovo.cian.ru/sale/flat/307505737/;Одинцово;sale;flat;21;24;1;44.7;7900000;; Чистяковой;65;Сколково;
ID 71498069;unknown;https://odintsovo.cian.ru/sale/flat/303457795/;Одинцово;sale;flat;21;24;2;47.74;7900000;;;5;Одинцово;Одинград квартал Семейный ЖК
ID 63511930;unknown;https://odintsovo.cian.ru/sale/flat/305985415/;Одинцово;sale;flat;2;9;2;47.1;7999000;; Верхне-Пролетарская;5;Одинцово;
ID 11589899;homeowner;https://odintsovo.cian.ru/sale/flat/308470363/;Одинцово;sale;flat;6;9;1;34.0;7990000;; Маршала Бирюзова;12;Одинцово;
ID 107309483;homeowner;https://odintsovo.cian.ru/sale/flat/307102757/;Одинцово;sale;flat;7;9;2;44.0;7900000;;Любы Новоселовой бульвар;2к2;Одинцово;
ID 698042;homeowner;https://odintsovo.cian.ru/sale/flat/306564293/;Одинцово;sale;flat;3;12;1;34.4;7950000;;Союзная ;10;Одинцово;
ID 14871507;unknown;https://odintsovo.cian.ru/sale/flat/302506847/;Одинцово;sale;flat;22;26;1;34.0;7990000;; Каштановая;8;Внуково;Одинцово-1
ID 107261842;homeowner;https://odintsovo.cian.ru/sale/flat/301409198/;Одинцово;sale;flat;3;16;1;38.0;7900000;;Можайское шоссе;145;Баковка;
ID 69833616;homeowner;https://odintsovo.cian.ru/sale/flat/298655633/;Одинцово;sale;flat;12;25;1;35.0;7950000;;;3;Одинцово;Одинград. Семейный квартал
ID 89219317;homeowner;https://odintsovo.cian.ru/sale/flat/304793416/;Одинцово;sale;flat;6;20;1;39.0;7900000;; Триумфальная;12;Одинцово;Гусарская баллада
Этажи Москва;real_estate_agent;https://odintsovo.cian.ru/sale/flat/306015520/;Одинцово;sale;flat;5;9;2;43.1;8000000;;Любы Новоселовой бульвар;2к1;Одинцово;
ID 113528;realtor;https://odintsovo.cian.ru/sale/flat/306940335/;Одинцово;sale;flat;12;25;1;38.0;8000000;; Маковского;24;Одинцово;
Этажи Москва;real_estate_agent;https://odintsovo.cian.ru/sale/flat/308937764/;Одинцово;sale;flat;23;24;1;41.0;8000000;; Чистяковой;14;Сколково;
ID 53304;realtor;https://odintsovo.cian.ru/sale/flat/298415799/;Одинцово;sale;flat;8;24;1;33.8;8000000;; Каштановая;16;Внуково;Одинцово-1
Владис;real_estate_agent;https://odintsovo.cian.ru/sale/flat/306325799/;Одинцово;sale;flat;5;9;2;43.1;8000000;;Любы Новоселовой бульвар;2к1;Одинцово;
Владис;real_estate_agent;https://odintsovo.cian.ru/sale/flat/306326392/;Одинцово;sale;flat;3;5;2;43.7;8000000;;Можайское шоссе;90;Баковка;
ID 136061;realtor;https://odintsovo.cian.ru/sale/flat/308574278/;Одинцово;sale;flat;10;14;1;35.3;8000000;;Северная ;30;Одинцово;
ID 12270918;homeowner;https://odintsovo.cian.ru/sale/flat/305341139/;Одинцово;sale;flat;5;25;1;40.3;8000000;; Чистяковой;40;Сколково;
Дмитрий Куцев;realtor;https://odintsovo.cian.ru/sale/flat/305504242/;Одинцово;sale;flat;5;18;1;42.9;8000000;;Вокзальная ;37;Одинцово;
Татьяна Юдина;realtor;https://odintsovo.cian.ru/sale/flat/308008023/;Одинцово;sale;flat;12;17;1;41.0;8000000;Одинцово; Триумфальная;8;;Гусарская баллада
Этажи Москва;real_estate_agent;https://odintsovo.cian.ru/sale/flat/306015412/;Одинцово;sale;flat;9;9;2;50.9;8100000;;Любы Новоселовой бульвар;2А;Одинцово;
ID 81553427;realtor;https://odintsovo.cian.ru/sale/flat/306792008/;Одинцово;sale;flat;9;12;1;37.0;8100000;;Молодежная ;7;Одинцово;
Этажи Москва;real_estate_agent;https://odintsovo.cian.ru/sale/flat/307920232/;Одинцово;sale;flat;8;24;1;44.5;8199000;; Чистяковой;62;Сколково;
МИЦ-Столичный ипотечный центр недвижимости;real_estate_agent;https://odintsovo.cian.ru/sale/flat/302695279/;Одинцово;sale;flat;2;25;1;42.0;8200000;; Маковского;28;Одинцово;Союзный
ID 154869;realtor;https://odintsovo.cian.ru/sale/flat/308332423/;Одинцово;sale;flat;21;25;1;39.0;8150000;;;7;Одинцово;
Наталия Быкова;realtor;https://odintsovo.cian.ru/sale/flat/308515760/;Одинцово;sale;flat;5;17;1;49.0;8200000;; Триумфальная;4;Одинцово;Гусарская баллада
ID 104289;realtor;https://odintsovo.cian.ru/sale/flat/308141760/;Одинцово;sale;flat;13;17;1;37.6;8200000;; Говорова;52;Баковка;
ID 63234898;unknown;https://odintsovo.cian.ru/sale/flat/305619690/;Одинцово;sale;flat;22;22;1;44.0;8200000;; Маковского;16;Одинцово;
ID 16558739;realtor;https://odintsovo.cian.ru/sale/flat/307272365/;Одинцово;sale;flat;14;16;1;37.9;8150000;; Рябиновая;1;Внуково;Одинцово-1
ID 221225;realtor;https://odintsovo.cian.ru/sale/flat/287812388/;Одинцово;sale;flat;17;17;2;58.9;8200000;; Маршала Жукова;40;Одинцово;
ID 15229147;homeowner;https://odintsovo.cian.ru/sale/flat/301599030/;Одинцово;sale;flat;13;18;1;48.0;8190000;; Белорусская;10;Одинцово;Одинцовский Парк
Михаил Иванов;realtor;https://odintsovo.cian.ru/sale/flat/304953797/;Одинцово;sale;flat;18;22;1;37.2;8150000;; Маковского;28;Одинцово;Союзный
Homeapp;real_estate_agent;https://odintsovo.cian.ru/sale/flat/308416603/;Одинцово;sale;flat;3;25;1;38.4;8300000;;;1;Одинцово;Одинград. Семейный квартал
ID 7443;realtor;https://odintsovo.cian.ru/sale/flat/300595162/;Одинцово;sale;flat;21;25;1;42.6;8300000;;Садовая ;24;Одинцово;Единый Стандарт
Александра  Демчук;realtor;https://odintsovo.cian.ru/sale/flat/305617539/;Одинцово;sale;flat;14;17;1;39.0;8300000;; Говорова;50;Баковка;
ID 105531835;homeowner;https://odintsovo.cian.ru/sale/flat/304143383/;Одинцово;sale;flat;16;16;1;43.6;8300000;; Чистяковой;12;Сколково;
ID 376612;unknown;https://odintsovo.cian.ru/sale/flat/308495554/;Одинцово;sale;flat;17;22;1;37.0;8300000;; Кутузовская;17;Сколково;Новая Трехгорка
ID 49043338;unknown;https://odintsovo.cian.ru/sale/flat/305270175/;Одинцово;sale;flat;3;24;1;41.7;8400000;; Чистяковой;16;Сколково;
ID 35658613;homeowner;https://odintsovo.cian.ru/sale/flat/299712801/;Одинцово;sale;flat;13;24;1;35.0;8450000;;Северная ;5к4;Одинцово;Одинбург
Этажи Москва;real_estate_agent;https://odintsovo.cian.ru/sale/flat/307401188/;Одинцово;sale;flat;1;16;1;37.0;8500000;;Комсомольская ;7;Одинцово;
Этажи Москва;real_estate_agent;https://odintsovo.cian.ru/sale/flat/306015390/;Одинцово;sale;flat;1;14;2;51.1;8500000;;Северная ;24;Одинцово;
ID 141109;realtor;https://odintsovo.cian.ru/sale/flat/306453830/;Одинцово;sale;flat;16;22;1;40.6;8500000;; Маковского;16;Одинцово;
ID 299455;real_estate_agent;https://odintsovo.cian.ru/sale/flat/308459674/;Одинцово;sale;flat;3;4;2;43.3;8500000;; Верхне-Пролетарская;31;Одинцово;
На Петровке;real_estate_agent;https://odintsovo.cian.ru/sale/flat/303822823/;Одинцово;sale;flat;9;24;1;42.6;8520000;;;;Одинцово;Одинград. Семейный квартал
ID 6395;realtor;https://odintsovo.cian.ru/sale/flat/307413205/;Одинцово;sale;flat;10;25;1;40.0;8500000;;Солнечная ;17а;Одинцово;
Этажи Москва;real_estate_agent;https://odintsovo.cian.ru/sale/flat/308691242/;Одинцово;sale;flat;19;27;2;38.0;8800000;; Сколковская;3А;Сколково;Сколковский
ID 11388;realtor;https://odintsovo.cian.ru/sale/flat/283448662/;Одинцово;sale;flat;6;12;2;45.8;8850000;; Маковского;10;Одинцово;
Century21 Феникс;real_estate_agent;https://odintsovo.cian.ru/sale/flat/299858947/;Одинцово;sale;flat;15;25;1;36.9;8800000;; Маковского;26;Одинцово;Союзный
Андрей Степнов;realtor;https://odintsovo.cian.ru/sale/flat/306986740/;Одинцово;sale;flat;22;25;2;49.3;8800000;;;;Одинцово;Союзный ЖК
Ольга Калашина;realtor;https://odintsovo.cian.ru/sale/flat/308230764/;Одинцово;sale;flat;2;25;1;34.0;8800000;; Сколковская;1Б;Сколково;Сколковский
Этажи Москва;real_estate_agent;https://odintsovo.cian.ru/sale/flat/308942517/;Одинцово;sale;flat;3;9;2;35.0;8900000;; Маршала Бирюзова;26;Одинцово;
Этажи Москва;real_estate_agent;https://odintsovo.cian.ru/sale/flat/308305242/;Одинцово;sale;flat;21;24;1;31.2;8900000;;;8;Одинцово;
Самолет Плюс;real_estate_agent;https://odintsovo.cian.ru/sale/flat/304177037/;Одинцово;sale;flat;6;25;2;50.0;8900000;;Западная ;;Одинцово;Одинград. Семейный квартал
Владис;real_estate_agent;https://odintsovo.cian.ru/sale/flat/307314065/;Одинцово;sale;flat;3;26;1;35.5;8990000;; Кутузовская;72Б;Сколково;Новая Трехгорка
Владис;real_estate_agent;https://odintsovo.cian.ru/sale/flat/308710306/;Одинцово;sale;flat;15;20;1;46.3;8900000;; Белорусская;10;Одинцово;Одинцовский Парк
Ирина Хитушкина;realtor;https://odintsovo.cian.ru/sale/flat/306524446/;Одинцово;sale;flat;10;15;1;42.1;8995000;; Рябиновая;7;Внуково;Одинцово-1
Манзура Абдурашидова;realtor;https://odintsovo.cian.ru/sale/flat/307079257/;Одинцово;sale;flat;9;26;1;41.7;8900000;; Чистяковой;16;Сколково;
ID 116054760;homeowner;https://odintsovo.cian.ru/sale/flat/301632050/;Одинцово;sale;flat;25;25;1;36.2;8950000;; Маковского;26;Одинцово;Союзный
Этажи Москва;real_estate_agent;https://odintsovo.cian.ru/sale/flat/306648250/;Одинцово;sale;flat;17;24;2;37.67;9000000;;;6;Одинцово;Одинград квартал Семейный ЖК
Этажи Москва;real_estate_agent;https://odintsovo.cian.ru/sale/flat/308491332/;Одинцово;sale;flat;8;26;1;36.5;9000000;; Сколковская;9А;Сколково;Сколковский
Этажи Москва;real_estate_agent;https://odintsovo.cian.ru/sale/flat/307446685/;Одинцово;sale;flat;20;25;1;40.5;9000000;; Маковского;28;Одинцово;Союзный
ID 13027125;unknown;https://odintsovo.cian.ru/sale/flat/304900594/;Одинцово;sale;flat;14;17;1;42.3;9000000;; Чистяковой;58;Сколково;
ID 64953085;unknown;https://odintsovo.cian.ru/sale/flat/307708068/;Одинцово;sale;flat;19;25;1;41.5;9000000;; Сколковская;1Г;Сколково;Сколковский
ID 493808;homeowner;https://odintsovo.cian.ru/sale/flat/307421202/;Одинцово;sale;flat;3;15;1;43.1;9000000;; Триумфальная;1;Одинцово;Гусарская баллада
ID 53685692;realtor;https://odintsovo.cian.ru/sale/flat/308645047/;Одинцово;sale;flat;12;20;2;55.6;9000000;; Кутузовская;21;Сколково;
ID 38967757;unknown;https://odintsovo.cian.ru/sale/flat/304904477/;Одинцово;sale;flat;8;14;1;39.4;9000000;;Можайское шоссе;77;Одинцово;
ID 30595272;homeowner;https://odintsovo.cian.ru/sale/flat/261839927/;Одинцово;sale;flat;8;25;1;38.8;9000000;; Рябиновая;5;Внуково;Одинцово-1
ID 84998574;homeowner;https://odintsovo.cian.ru/sale/flat/287642842/;Одинцово;sale;flat;17;26;2;51.3;9000000;;;1;Одинцово;
ID 100217442;homeowner;https://odintsovo.cian.ru/sale/flat/306142323/;Одинцово;sale;flat;8;21;1;36.5;9000000;; Сколковская;9А;Сколково;Сколковский
ID 102235321;homeowner;https://odintsovo.cian.ru/sale/flat/289146508/;Одинцово;sale;flat;9;19;1;44.7;9000000;; Кутузовская;25;Сколково;
Этажи Москва;real_estate_agent;https://odintsovo.cian.ru/sale/flat/303533002/;Одинцово;sale;flat;19;24;1;44.9;9100000;; Кутузовская;15;Сколково;
Этажи Москва;real_estate_agent;https://odintsovo.cian.ru/sale/flat/308012925/;Одинцово;sale;flat;10;15;1;40.2;9100000;; Рябиновая;7;Внуково;Одинцово-1
Этажи Москва;real_estate_agent;https://odintsovo.cian.ru/sale/flat/308500166/;Одинцово;sale;flat;2;20;1;46.6;9100000;; Белорусская;10;Одинцово;Одинцовский Парк
ID 138002;realtor;https://odintsovo.cian.ru/sale/flat/296468655/;Одинцово;sale;flat;5;21;1;44.9;9500000;; Маковского;28;Одинцово;Союзный
ID 168576;realtor;https://odintsovo.cian.ru/sale/flat/299631686/;Одинцово;sale;flat;1;17;2;50.5;9500000;;Можайское шоссе;161;Баковка;
Dekart;real_estate_agent;https://odintsovo.cian.ru/sale/flat/306714837/;Одинцово;sale;flat;15;19;1;52.0;9500000;; Маршала Толубко;3к4;Одинцово;
ID 101992449;homeowner;https://odintsovo.cian.ru/sale/flat/299252774/;Одинцово;sale;flat;5;9;2;44.7;9500000;;Новоспортивная ;2;Одинцово;
ID 115440822;homeowner;https://odintsovo.cian.ru/sale/flat/300825681/;Одинцово;sale;flat;8;24;1;46.0;9500000;; Чистяковой;62;Сколково;
ID 83950839;realtor;https://odintsovo.cian.ru/sale/flat/307870364/;Одинцово;sale;flat;16;24;1;50.2;9500000;;Садовая ;28;Одинцово;
ID 74595537;unknown;https://odintsovo.cian.ru/sale/flat/302138118/;Одинцово;sale;flat;16;16;2;50.2;9500000;;Можайское шоссе;145;Баковка;
ID 71498069;unknown;https://odintsovo.cian.ru/sale/flat/295715272/;Одинцово;sale;flat;19;24;2;62.56;9500000;;;5;Одинцово;Одинград квартал Семейный ЖК
ID 7348619;homeowner;https://odintsovo.cian.ru/sale/flat/305648925/;Одинцово;sale;flat;12;12;1;33.4;9500000;; Маршала Неделина;7;Одинцово;
ID 19480529;homeowner;https://odintsovo.cian.ru/sale/flat/305428318/;Одинцово;sale;flat;10;24;2;50.0;9500000;;;6;Одинцово;Одинград квартал Семейный ЖК
ID 63234898;unknown;https://odintsovo.cian.ru/sale/flat/308065971/;Одинцово;sale;flat;7;22;1;39.0;9500000;мкр. 8-й; Маковского;12;;
ID 82509253;homeowner;https://odintsovo.cian.ru/sale/flat/302361090/;Одинцово;sale;flat;11;24;1;35.78;9500000;;;6;Одинцово;Одинград квартал Семейный ЖК
ID 118769353;homeowner;https://odintsovo.cian.ru/sale/flat/304451864/;Одинцово;sale;flat;20;20;2;56.0;9600000;; Чистяковой;68;Сколково;
ID 122041982;homeowner;https://odintsovo.cian.ru/sale/flat/307607121/;Одинцово;sale;flat;3;12;2;59.2;9550000;; Каштановая;8;Внуково;Одинцово-1
ID 75472261;homeowner;https://odintsovo.cian.ru/sale/flat/298347856/;Одинцово;sale;flat;23;25;2;42.1;9550000;;;1;Одинцово;
ID 270688;realtor;https://odintsovo.cian.ru/sale/flat/305451414/;Одинцово;sale;flat;2;9;2;51.4;9550000;; Говорова;8к2;Одинцово;
ID 81124716;homeowner;https://odintsovo.cian.ru/sale/flat/297427661/;Одинцово;sale;flat;18;25;2;51.7;9600000;;;2;Одинцово;
ID 107260256;homeowner;https://odintsovo.cian.ru/sale/flat/292087572/;Одинцово;sale;flat;6;26;2;51.3;9600000;;;1;Одинцово;
Этажи Москва;real_estate_agent;https://odintsovo.cian.ru/sale/flat/305577798/;Одинцово;sale;flat;20;20;2;55.6;9700000;; Чистяковой;68;Сколково;
Владис;real_estate_agent;https://odintsovo.cian.ru/sale/flat/307816969/;Одинцово;sale;flat;6;21;1;41.8;9700000;; Сколковская;1Г;Сколково;Сколковский
ID 25845;realtor;https://odintsovo.cian.ru/sale/flat/307888233/;Одинцово;sale;flat;3;25;1;42.0;9700000;; Белорусская;2;Одинцово;Одинцовский Парк
ИНКОМ-Недвижимость. Аренда;real_estate_agent;https://odintsovo.cian.ru/sale/flat/299152523/;Одинцово;sale;flat;17;19;2;47.0;9650000;; Кутузовская;31;Сколково;
ID 199692;realtor;https://odintsovo.cian.ru/sale/flat/304331130/;Одинцово;sale;flat;2;14;2;54.0;9700000;; Маршала Неделина;13;Одинцово;
ID 269655;realtor;https://odintsovo.cian.ru/sale/flat/305360364/;Одинцово;sale;flat;2;9;2;48.3;9699000;; Маршала Неделина;9;Одинцово;
Людмила Пан;realtor;https://odintsovo.cian.ru/sale/flat/297731666/;Одинцово;sale;flat;14;20;2;56.0;9700000;; Кутузовская;3;Сколково;
ID 13010643;homeowner;https://odintsovo.cian.ru/sale/flat/307873182/;Одинцово;sale;flat;4;12;2;51.9;9700000;;Можайское шоссе;79;Одинцово;
ID 13563834;unknown;https://odintsovo.cian.ru/sale/flat/304543528/;Одинцово;sale;flat;13;23;1;35.9;9700000;;Молодежная ;36А;Одинцово;
ID 97159717;unknown;https://odintsovo.cian.ru/sale/flat/300773668/;Одинцово;sale;flat;4;21;1;44.9;9700000;; Маковского;28;Одинцово;Союзный
ID 112383768;homeowner;https://odintsovo.cian.ru/sale/flat/303445240/;Одинцово;sale;flat;6;21;1;41.8;9700000;; Сколковская;1Г;Сколково;Сколковский
ID 115115044;homeowner;https://odintsovo.cian.ru/sale/flat/302833113/;Одинцово;sale;flat;6;25;2;49.5;9699999;;;1.26.2;Внуково;Одинцово-1
Этажи Москва;real_estate_agent;https://odintsovo.cian.ru/sale/flat/303492249/;Одинцово;sale;flat;5;24;2;62.2;9800000;; Чистяковой;8;Сколково;
Александра  Демчук;realtor;https://odintsovo.cian.ru/sale/flat/308557318/;Одинцово;sale;flat;22;25;1;38.0;9800000;;;9;Одинцово;Одинград. Семейный квартал
Владис;real_estate_agent;https://odintsovo.cian.ru/sale/flat/306077393/;Одинцово;sale;flat;4;25;2;51.6;9839000;;;2;Одинцово;
ID 12401366;realtor;https://odintsovo.cian.ru/sale/flat/307815424/;Одинцово;sale;flat;15;25;2;54.4;9800000;; Сколковская;9А;Сколково;Сколковский
ID 51076414;homeowner;https://odintsovo.cian.ru/sale/flat/306112139/;Одинцово;sale;flat;18;26;2;50.0;9800000;;;1;Одинцово;
ID 35840851;unknown;https://odintsovo.cian.ru/sale/flat/297105250/;Одинцово;sale;flat;2;24;1;38.0;9800000;;;;Одинцово;
ID 32064330;realtor;https://odintsovo.cian.ru/sale/flat/300866502/;Одинцово;sale;flat;7;24;1;50.4;9800000;;Садовая ;28;Одинцово;
ID 109985358;homeowner;https://odintsovo.cian.ru/sale/flat/299428658/;Одинцово;sale;flat;23;24;2;55.0;9800000;;;3;Сколково;Одинград. Семейный квартал
Этажи Москва;real_estate_agent;https://odintsovo.cian.ru/sale/flat/308105367/;Одинцово;sale;flat;17;25;2;65.56;9900000;;;5;Одинцово;Одинград квартал Семейный ЖК
Владис;real_estate_agent;https://odintsovo.cian.ru/sale/flat/297471746/;Одинцово;sale;flat;7;24;2;55.1;9850000;;;3;Одинцово;Одинград. Семейный квартал
Елена Иванова;realtor;https://odintsovo.cian.ru/sale/flat/299238409/;Одинцово;sale;flat;6;25;1;53.0;9900000;;Северная ;5к3;Одинцово;Одинбург
ID 95115990;realtor;https://odintsovo.cian.ru/sale/flat/308024388/;Одинцово;sale;flat;8;20;2;60.0;9900000;; Белорусская;3;Одинцово;Одинцовский Парк
ID 88670543;realtor;https://odintsovo.cian.ru/sale/flat/307678632/;Одинцово;sale;flat;2;25;1;39.0;9850000;; Сколковская;3А;Сколково;Сколковский
Этажи Москва;real_estate_agent;https://odintsovo.cian.ru/sale/flat/307147141/;Одинцово;sale;flat;2;22;2;46.0;9999000;; Сколковская;3Б;Сколково;Сколковский
Этажи Москва;real_estate_agent;https://odintsovo.cian.ru/sale/flat/304002872/;Одинцово;sale;flat;21;25;2;53.8;10000000;;;10;Одинцово;Одинград. Семейный квартал
Homeapp;real_estate_agent;https://odintsovo.cian.ru/sale/flat/295665844/;Одинцово;sale;flat;4;24;2;51.6;10000000;;;2;Одинцово;Одинград. Семейный квартал
Владис;real_estate_agent;https://odintsovo.cian.ru/sale/flat/307471387/;Одинцово;sale;flat;3;21;1;40.1;10000000;; Сколковская;1Г;Сколково;Сколковский
ID 63234898;unknown;https://odintsovo.cian.ru/sale/flat/308065939/;Одинцово;sale;flat;7;24;2;45.0;10000000;мкр. Новая Трехгорка; Чистяковой;40;;
ID 94457725;homeowner;https://odintsovo.cian.ru/sale/flat/298892565/;Одинцово;sale;flat;10;22;1;41.12;10000000;;;10;Одинцово;Одинград. Семейный квартал
ID 59676072;realtor;https://odintsovo.cian.ru/sale/flat/301446722/;Одинцово;sale;flat;18;19;1;46.0;9988000;; Маршала Толубко;3к3;Одинцово;
ID 94422427;homeowner;https://odintsovo.cian.ru/sale/flat/299505766/;Одинцово;sale;flat;6;19;1;42.4;9990000;; Сколковская;7А;Сколково;Сколковский
ID 121557305;homeowner;https://odintsovo.cian.ru/sale/flat/307076623/;Одинцово;sale;flat;3;28;1;40.1;10000000;; Сколковская;1Г;Сколково;Сколковский
ID 20296336;unknown;https://odintsovo.cian.ru/sale/flat/304988998/;Одинцово;sale;flat;14;17;2;51.0;9990000;;Можайское шоссе;45а;Одинцово;
ID 120962961;homeowner;https://odintsovo.cian.ru/sale/flat/306451885/;Одинцово;sale;flat;2;26;2;52.2;10000000;;;1;Одинцово;
Самолет Плюс;real_estate_agent;https://odintsovo.cian.ru/sale/flat/306379396/;Одинцово;sale;flat;5;17;1;44.0;10100000;;Северная ;5к4;Одинцово;Одинбург
Владис;real_estate_agent;https://odintsovo.cian.ru/sale/flat/307829089/;Одинцово;sale;flat;4;12;2;45.0;10100000;; Верхне-Пролетарская;3к2;Одинцово;
ID 67657640;unknown;https://odintsovo.cian.ru/sale/flat/301332440/;Одинцово;sale;flat;15;19;1;51.0;10500000;; Сколковская;7А;Сколково;Сколковский
Этажи Москва;real_estate_agent;https://odintsovo.cian.ru/sale/flat/305928449/;Одинцово;sale;flat;8;24;1;38.0;10600000;;;8;Одинцово;
ID 12745637;unknown;https://odintsovo.cian.ru/sale/flat/308575354/;Одинцово;sale;flat;6;25;2;60.0;10600000;; Маковского;24;Одинцово;
Татьяна Швайка;realtor;https://odintsovo.cian.ru/sale/flat/308151729/;Одинцово;sale;flat;15;19;2;47.3;10600000;; Каштановая;14;Внуково;Одинцово-1
ID 93367298;homeowner;https://odintsovo.cian.ru/sale/flat/305548040/;Одинцово;sale;flat;5;25;1;37.0;10600000;; Сколковская;5Б;Сколково;Сколковский
ID 107584577;homeowner;https://odintsovo.cian.ru/sale/flat/292430569/;Одинцово;sale;flat;3;14;2;52.0;10550000;;Северная ;26;Одинцово;
Этажи Москва;real_estate_agent;https://odintsovo.cian.ru/sale/flat/308716541/;Одинцово;sale;flat;24;25;2;70.5;10699000;;;к2;Одинцово;Союзный ЖК
Этажи Москва;real_estate_agent;https://odintsovo.cian.ru/sale/flat/306025143/;Одинцово;sale;flat;8;15;1;37.8;10730000;; Маршала Бирюзова;13;Одинцово;Одинград
ID 3497;realtor;https://odintsovo.cian.ru/sale/flat/308343173/;Одинцово;sale;flat;3;20;2;63.0;10700000;; Белорусская;10;Одинцово;Одинцовский Парк
ID 73374665;unknown;https://odintsovo.cian.ru/sale/flat/301874698/;Одинцово;sale;flat;4;9;2;48.3;10700000;;Можайское шоссе;48;Одинцово;
ID 13067782;unknown;https://odintsovo.cian.ru/sale/flat/306661827/;Одинцово;sale;flat;6;25;1;38.0;10700000;; Сколковская;1Г;Сколково;Сколковский
ID 13067782;unknown;https://odintsovo.cian.ru/sale/flat/307992553/;Одинцово;sale;flat;6;25;1;38.0;10700000;Одинцово; Сколковская;1Г;;Сколковский
ID 113054679;homeowner;https://odintsovo.cian.ru/sale/flat/301136028/;Одинцово;sale;flat;24;25;2;70.5;10700000;;;к2;Одинцово;Союзный ЖК
ID 116707941;homeowner;https://odintsovo.cian.ru/sale/flat/302195168/;Одинцово;sale;flat;8;15;1;37.8;10730000;; Маршала Бирюзова;13;Одинцово;Одинград
ID 12614;realtor;https://odintsovo.cian.ru/sale/flat/299144400/;Одинцово;sale;flat;11;14;2;52.4;10800000;;Солнечная ;16;Одинцово;
ID 80974781;homeowner;https://odintsovo.cian.ru/sale/flat/304812508/;Одинцово;sale;flat;6;25;2;51.0;10800000;; Березовая;2;Внуково;Одинцово-1
ID 80325776;homeowner;https://odintsovo.cian.ru/sale/flat/300749029/;Одинцово;sale;flat;3;24;1;38.0;10800000;;;8;Одинцово;
ID 13279059;homeowner;https://odintsovo.cian.ru/sale/flat/304087699/;Одинцово;sale;flat;15;25;1;42.0;10800000;; Сколковская;1Г;Сколково;Сколковский
Этажи Москва;real_estate_agent;https://odintsovo.cian.ru/sale/flat/304386865/;Одинцово;sale;flat;13;25;1;43.0;10900000;; Сколковская;3В;Сколково;Сколковский
Этажи Москва;real_estate_agent;https://odintsovo.cian.ru/sale/flat/306101515/;Одинцово;sale;flat;13;19;1;48.5;10900000;;Можайское шоссе;112а;Баковка;
Владис;real_estate_agent;https://odintsovo.cian.ru/sale/flat/307723985/;Одинцово;sale;flat;23;25;2;62.2;10900000;;Вокзальная ;31А;Одинцово;Сердце Одинцово
ID 21387;realtor;https://odintsovo.cian.ru/sale/flat/302561049/;Одинцово;sale;flat;7;16;2;57.4;10990000;; Рябиновая;7;Внуково;Одинцово-1
Самолет Плюс;real_estate_agent;https://odintsovo.cian.ru/sale/flat/304163749/;Одинцово;sale;flat;7;12;2;66.3;10999000;;Сосновая ;10;Одинцово;
ID 90439500;unknown;https://odintsovo.cian.ru/sale/flat/307757319/;Одинцово;sale;flat;8;22;2;56.0;10900000;мкр. Новая Трехгорка; Чистяковой;66;;
ID 116397232;homeowner;https://odintsovo.cian.ru/sale/flat/301903377/;Одинцово;sale;flat;19;25;1;43.5;10900000;; Сколковская;1Г;Сколково;Сколковский
ID 11256504;homeowner;https://odintsovo.cian.ru/sale/flat/269218086/;Одинцово;sale;flat;6;20;2;50.0;10999000;; Белорусская;10;Одинцово;Одинцовский Парк
ID 88676184;realtor;https://odintsovo.cian.ru/sale/flat/308191418/;Одинцово;sale;flat;18;26;2;58.0;10950000;; Рябиновая;3к1;Внуково;Одинцово-1
ID 16191200;homeowner;https://odintsovo.cian.ru/sale/flat/209484553/;Одинцово;sale;flat;2;24;1;52.0;10950000;;Садовая ;28А;Одинцово;Единый Стандарт
ID 118171259;homeowner;https://odintsovo.cian.ru/sale/flat/305281149/;Одинцово;sale;flat;12;25;2;50.79;11500000;;;10;Одинцово;Одинград. Семейный квартал
ID 4855324;homeowner;https://odintsovo.cian.ru/sale/flat/307631503/;Одинцово;sale;flat;15;17;2;61.5;11600000;; Кутузовская;9;Сколково;
Светлана Гонсалес моро;realtor;https://odintsovo.cian.ru/sale/flat/306796182/;Одинцово;sale;flat;7;17;2;53.1;11650000;;Вокзальная ;15;Одинцово;Сердце Одинцово
Выбор К;real_estate_agent;https://odintsovo.cian.ru/sale/flat/289526244/;Одинцово;sale;flat;22;25;2;63.0;11700000;;Вокзальная ;31А;Одинцово;Сердце Одинцово
ID 299555;unknown;https://odintsovo.cian.ru/sale/flat/305316205/;Одинцово;sale;flat;3;24;2;43.0;11700000;;Можайское шоссе;80А;Баковка;Атлант
Этажи Москва;real_estate_agent;https://odintsovo.cian.ru/sale/flat/308464328/;Одинцово;sale;flat;16;25;2;53.3;11800000;; Сколковская;9А;Сколково;Сколковский
Городские квартиры;real_estate_agent;https://odintsovo.cian.ru/sale/flat/307675302/;Одинцово;sale;flat;7;24;1;52.0;11800000;;Садовая ;28А;Одинцово;Единый Стандарт
ID 15882532;realtor;https://odintsovo.cian.ru/sale/flat/299857824/;Одинцово;sale;flat;3;9;2;53.5;11800000;; Чикина;4;Баковка;
Этажи Москва;real_estate_agent;https://odintsovo.cian.ru/sale/flat/308105361/;Одинцово;sale;flat;12;22;2;71.6;11999000;; Белорусская;9;Одинцово;Одинцовский Парк
ID 120996840;homeowner;https://odintsovo.cian.ru/sale/flat/306714027/;Одинцово;sale;flat;5;9;2;52.0;11999999;;Можайское шоссе;75;Одинцово;
ID 21428772;homeowner;https://odintsovo.cian.ru/sale/flat/303498591/;Одинцово;sale;flat;4;15;2;60.0;11900000;; Рябиновая;3к1;Внуково;Одинцово-1
Этажи Москва;real_estate_agent;https://odintsovo.cian.ru/sale/flat/303858871/;Одинцово;sale;flat;24;25;2;60.0;12100000;;Северная ;11;Одинцово;Одинбург
Владис;real_estate_agent;https://odintsovo.cian.ru/sale/flat/307604160/;Одинцово;sale;flat;17;22;2;62.4;12100000;; Чистяковой;67;Сколково;
Владис;real_estate_agent;https://odintsovo.cian.ru/sale/flat/307723983/;Одинцово;sale;flat;21;24;2;60.13;12000000;;;6;Одинцово;Одинград квартал Семейный ЖК
Владис;real_estate_agent;https://odintsovo.cian.ru/sale/flat/307208840/;Одинцово;sale;flat;9;15;2;65.4;12000000;; Триумфальная;10;Одинцово;Гусарская баллада
ID 472266;realtor;https://odintsovo.cian.ru/sale/flat/304338513/;Одинцово;sale;flat;24;24;2;65.0;12000000;; Кутузовская;1;Сколково;
ID 75784558;homeowner;https://odintsovo.cian.ru/sale/flat/293638843/;Одинцово;sale;flat;17;24;2;62.4;12100000;; Чистяковой;67;Сколково;Новая Трехгорка
ID 16360824;homeowner;https://odintsovo.cian.ru/sale/flat/284725642/;Одинцово;sale;flat;17;24;2;62.4;12100000;; Чистяковой;67;Сколково;Новая Трехгорка
ID 118267347;homeowner;https://odintsovo.cian.ru/sale/flat/303816270/;Одинцово;sale;flat;6;17;2;60.3;12000000;; Кутузовская;4;Сколково;
ID 503079;homeowner;https://odintsovo.cian.ru/sale/flat/294833496/;Одинцово;sale;flat;8;17;2;49.0;12000000;; Сколковская;7Б;Сколково;Сколковский
ID 20150544;homeowner;https://odintsovo.cian.ru/sale/flat/301197274/;Одинцово;sale;flat;23;24;1;40.0;12000000;;Можайское шоссе;100А;Баковка;Кварта
ID 66125990;homeowner;https://odintsovo.cian.ru/sale/flat/297868111/;Одинцово;sale;flat;9;17;2;64.8;12000000;; Триумфальная;8;Одинцово;Гусарская баллада
ID 51237317;homeowner;https://odintsovo.cian.ru/sale/flat/303835411/;Одинцово;sale;flat;9;15;2;65.4;12000000;; Триумфальная;10;Одинцово;Гусарская баллада
ID 45251875;unknown;https://odintsovo.cian.ru/sale/flat/308077846/;Одинцово;sale;flat;19;23;2;62.0;12200000;; Чистяковой;2;Сколково;
ID 72058377;homeowner;https://odintsovo.cian.ru/sale/flat/304044369/;Одинцово;sale;flat;3;17;2;61.1;12200000;; Триумфальная;12;Одинцово;Гусарская баллада
Владис;real_estate_agent;https://odintsovo.cian.ru/sale/flat/300749831/;Одинцово;sale;flat;9;17;2;64.9;12300000;; Триумфальная;8;Одинцово;Гусарская баллада
ID 15815314;realtor;https://odintsovo.cian.ru/sale/flat/308745060/;Одинцово;sale;flat;11;17;2;48.6;12360000;;Вокзальная ;15;Одинцово;Сердце Одинцово
Андрей Одинцов;realtor;https://odintsovo.cian.ru/sale/flat/307151366/;Одинцово;sale;flat;11;17;2;48.6;12364000;;Вокзальная ;15;Одинцово;Сердце Одинцово
ID 19870739;homeowner;https://odintsovo.cian.ru/sale/flat/306785894/;Одинцово;sale;flat;8;26;1;35.9;12300000;; Сколковская;5Б;Сколково;Сколковский
ID 119681481;homeowner;https://odintsovo.cian.ru/sale/flat/305242239/;Одинцово;sale;flat;20;25;2;58.3;12300000;; Каштановая;2;Внуково;Одинцово-1
Этажи Москва;real_estate_agent;https://odintsovo.cian.ru/sale/flat/306948348/;Одинцово;sale;flat;9;25;2;50.8;12500000;; Сколковская;1А;Сколково;Сколковский
Этажи Москва;real_estate_agent;https://odintsovo.cian.ru/sale/flat/308255897/;Одинцово;sale;flat;15;17;2;62.3;12500000;; Чистяковой;58;Сколково;
Владис;real_estate_agent;https://odintsovo.cian.ru/sale/flat/308253479/;Одинцово;sale;flat;15;17;2;62.3;12500000;; Чистяковой;58;Сколково;
Владис;real_estate_agent;https://odintsovo.cian.ru/sale/flat/303717032/;Одинцово;sale;flat;23;24;2;65.0;12599000;; Кутузовская;7;Сколково;
Владис;real_estate_agent;https://odintsovo.cian.ru/sale/flat/308350222/;Одинцово;sale;flat;12;17;1;46.0;12500000;; Сколковская;7Б;Сколково;Сколковский
VOLOV group;real_estate_agent;https://odintsovo.cian.ru/sale/flat/307344221/;Одинцово;sale;flat;10;25;2;53.3;12500000;; Сколковская;9А;Сколково;Сколковский
ID 98132977;homeowner;https://odintsovo.cian.ru/sale/flat/300076980/;Одинцово;sale;flat;22;22;2;58.5;12500000;; Чистяковой;78;Сколково;
ID 96567531;homeowner;https://odintsovo.cian.ru/sale/flat/279252985/;Одинцово;sale;flat;13;16;2;62.0;12500000;; Чистяковой;12;Сколково;
ID 113659443;homeowner;https://odintsovo.cian.ru/sale/flat/298940106/;Одинцово;sale;flat;7;25;2;60.0;12500000;; Маршала Бирюзова;2а;Одинцово;Микрорайон Центральный
ID 29237;unknown;https://odintsovo.cian.ru/sale/flat/308937965/;Одинцово;sale;flat;6;24;2;68.0;12500000;; Чистяковой;65;Сколково;
ID 92726163;realtor;https://odintsovo.cian.ru/sale/flat/308544476/;Одинцово;sale;flat;4;25;2;53.0;12500000;;Северная ;15;Одинцово;Одинбург
ID 7142290;unknown;https://odintsovo.cian.ru/sale/flat/279602611/;Одинцово;sale;flat;14;24;2;67.0;12500000;; Кутузовская;10;Сколково;
ID 67657640;unknown;https://odintsovo.cian.ru/sale/flat/293943851/;Одинцово;sale;flat;5;26;2;44.1;12550000;;;1;Одинцово;
ID 22991616;homeowner;https://odintsovo.cian.ru/sale/flat/306327734/;Одинцово;sale;flat;12;17;2;63.7;12500000;; Триумфальная;4;Одинцово;Гусарская баллада
ID 75231586;homeowner;https://odintsovo.cian.ru/sale/flat/298275858/;Одинцово;sale;flat;12;17;2;64.0;12500000;; Триумфальная;4;Одинцово;Гусарская баллада
ID 49974688;homeowner;https://odintsovo.cian.ru/sale/flat/301848070/;Одинцово;sale;flat;23;24;2;65.0;12599000;; Кутузовская;7;Сколково;
Этажи Москва;real_estate_agent;https://odintsovo.cian.ru/sale/flat/305862545/;Одинцово;sale;flat;4;24;2;64.4;12700000;;Северная ;5к3;Одинцово;Одинбург
Андрей Борисов;realtor;https://odintsovo.cian.ru/sale/flat/307111859/;Одинцово;sale;flat;15;17;2;64.0;12700000;; Говорова;50;Баковка;
ID 104899035;homeowner;https://odintsovo.cian.ru/sale/flat/293571371/;Одинцово;sale;flat;22;26;2;54.4;12800000;; Каштановая;6;Внуково;Одинцово-1
ID 168576;realtor;https://odintsovo.cian.ru/sale/flat/298605449/;Одинцово;sale;flat;16;17;2;54.0;12900000;;Вокзальная ;15;Одинцово;Сердце Одинцово
ID 107949152;homeowner;https://odintsovo.cian.ru/sale/flat/300249665/;Одинцово;sale;flat;10;17;2;68.4;12900000;; Сколковская;7А;Сколково;Сколковский
ID 15355701;unknown;https://odintsovo.cian.ru/sale/flat/300046980/;Одинцово;sale;flat;14;26;2;69.4;12900000;; Маршала Жукова;11А;Одинцово;
ID 49945651;homeowner;https://odintsovo.cian.ru/sale/flat/300029587/;Одинцово;sale;flat;11;12;2;58.0;12900000;;Можайское шоссе;42;Одинцово;
ID 18923972;homeowner;https://odintsovo.cian.ru/sale/flat/302515773/;Одинцово;sale;flat;10;20;2;67.3;12900000;; Белорусская;10;Одинцово;Одинцовский Парк
ID 61360482;homeowner;https://odintsovo.cian.ru/sale/flat/258714643/;Одинцово;sale;flat;12;25;1;55.0;12990000;;Можайское шоссе;169;Баковка;Можайское ш. 169
Этажи Москва;real_estate_agent;https://odintsovo.cian.ru/sale/flat/306354965/;Одинцово;sale;flat;7;23;2;60.0;13000000;; Маршала Бирюзова;2а;Одинцово;Микрорайон Центральный
ID 63044;realtor;https://odintsovo.cian.ru/sale/flat/305686209/;Одинцово;sale;flat;12;27;2;50.6;14100000;;Можайское шоссе;100А;Баковка;Кварта
ID 84631531;unknown;https://odintsovo.cian.ru/sale/flat/306593612/;Одинцово;sale;flat;8;25;2;63.0;14150000;;Вокзальная ;31;Одинцово;Сердце Одинцово
Этажи Москва;real_estate_agent;https://odintsovo.cian.ru/sale/flat/308190353/;Одинцово;sale;flat;24;24;2;64.4;14300000;; Сколковская;1Г;Сколково;Сколковский
ГОРОБМЕН;real_estate_agent;https://odintsovo.cian.ru/sale/flat/308313115/;Одинцово;sale;flat;18;22;2;72.0;14250000;; Сколковская;1В;Сколково;Сколковский
Валерия Высоцкая;realtor;https://odintsovo.cian.ru/sale/flat/308168352/;Одинцово;sale;flat;15;19;2;66.1;14300000;; Кутузовская;25;Сколково;
ID 10923684;homeowner;https://odintsovo.cian.ru/sale/flat/303608322/;Одинцово;sale;flat;10;24;2;75.2;14350000;;Северная ;5к3;Одинцово;Одинбург
Андрей Борисов;realtor;https://odintsovo.cian.ru/sale/flat/307900108/;Одинцово;sale;flat;11;17;2;65.0;14500000;;Можайское шоссе;91;Одинцово;
Андрей Борисов;realtor;https://odintsovo.cian.ru/sale/flat/308570833/;Одинцово;sale;flat;2;23;1;62.0;14500000;; Говорова;26А;Баковка;Говорова 26А
ID 76715473;homeowner;https://odintsovo.cian.ru/sale/flat/308558001/;Одинцово;sale;flat;20;22;2;67.0;14500000;;;;Сколково;
ID 95316842;homeowner;https://odintsovo.cian.ru/sale/flat/304872864/;Одинцово;sale;flat;9;17;2;53.8;14500000;; Маршала Бирюзова;13;Одинцово;Одинград
Владис;real_estate_agent;https://odintsovo.cian.ru/sale/flat/308353371/;Одинцово;sale;flat;21;25;1;42.0;14600000;; Сколковская;9А;Сколково;Сколковский
Владис;real_estate_agent;https://odintsovo.cian.ru/sale/flat/308764295/;Одинцово;sale;flat;8;24;2;66.8;14600000;;Северная ;5к3;Одинцово;Одинбург
Марина Шепелева;realtor;https://odintsovo.cian.ru/sale/flat/308497568/;Одинцово;sale;flat;14;28;2;46.9;14700000;;Можайское шоссе;122;Баковка;Да Винчи
ID 2287060;realtor;https://odintsovo.cian.ru/sale/flat/308837328/;Одинцово;sale;flat;12;15;2;64.9;14800000;; Гвардейская;9;Одинцово;Гусарская баллада
ID 73493415;homeowner;https://odintsovo.cian.ru/sale/flat/307440001/;Одинцово;sale;flat;21;25;1;42.0;14800000;; Сколковская;9А;Сколково;Сколковский
ID 128348;realtor;https://odintsovo.cian.ru/sale/flat/307660745/;Одинцово;sale;flat;12;17;2;64.3;15000000;; Гвардейская;15;Одинцово;Гусарская баллада
ID 70939695;realtor;https://odintsovo.cian.ru/sale/flat/308768511/;Одинцово;sale;flat;6;17;2;73.5;15400000;; Сколковская;7Б;Сколково;Сколковский
ID 12956830;homeowner;https://odintsovo.cian.ru/sale/flat/307919586/;Одинцово;sale;flat;25;25;2;66.9;15500000;; Сколковская;5А;Сколково;Сколковский
ID 15601880;homeowner;https://odintsovo.cian.ru/sale/flat/308190380/;Одинцово;sale;flat;11;26;2;56.7;15500000;; Маршала Бирюзова;7к1;Одинцово;Одинград
ID 80487821;homeowner;https://odintsovo.cian.ru/sale/flat/293375328/;Одинцово;sale;flat;10;25;1;64.0;15500000;;бульвар Маршала Крылова;25а;Баковка;Первый
ID 179279;realtor;https://odintsovo.cian.ru/sale/flat/308354833/;Одинцово;sale;flat;5;5;1;31.0;16000000;мкр. 1-й;Можайское шоссе;3;;
Самолет Плюс;real_estate_agent;https://odintsovo.cian.ru/sale/flat/308004808/;Одинцово;sale;flat;13;23;1;59.0;16600000;; Говорова;26;Баковка;
ID 383321;realtor;https://odintsovo.cian.ru/sale/flat/308238608/;Одинцово;sale;flat;13;22;1;59.0;16600000;мкр. 5-й; Говорова;26А;;Говорова 26А
ID 81337765;homeowner;https://odintsovo.cian.ru/sale/flat/307886927/;Одинцово;sale;flat;13;23;1;59.1;16600000;; Говорова;26А;Баковка;Говорова 26А
ID 117689981;homeowner;https://odintsovo.cian.ru/sale/flat/303249203/;Одинцово;sale;flat;12;22;2;65.7;16600000;;Можайское шоссе;136Б;Баковка;
ID 105090959;homeowner;https://odintsovo.cian.ru/sale/flat/293815097/;Одинцово;sale;flat;11;25;1;62.0;16800000;;бульвар Маршала Крылова;25а;Баковка;Первый
Владис;real_estate_agent;https://odintsovo.cian.ru/sale/flat/307224851/;Одинцово;sale;flat;8;25;2;68.6;17000000;;Вокзальная ;31;Одинцово;Сердце Одинцово
ID 86547641;homeowner;https://odintsovo.cian.ru/sale/flat/296291182/;Одинцово;sale;flat;17;25;2;51.4;17000000;; Маршала Бирюзова;7к2;Одинцово;Одинград
ID 12013516;unknown;https://odintsovo.cian.ru/sale/flat/308745100/;Одинцово;sale;flat;4;5;2;40.2;8500000;; Маршала Жукова;12;Одинцово;
ID 112669008;homeowner;https://odintsovo.cian.ru/sale/flat/307756305/;Одинцово;sale;flat;6;17;1;37.8;8600000;; Говорова;52;Баковка;
ID 41482553;homeowner;https://odintsovo.cian.ru/sale/flat/308860120/;Одинцово;sale;flat;23;25;1;44.0;10500000;; Маковского;26;Одинцово;Союзный
ID 52179923;homeowner;https://odintsovo.cian.ru/sale/flat/308881523/;Одинцово;sale;flat;11;12;2;46.0;10800000;; Маковского;10;Одинцово;
ID 84061724;homeowner;https://odintsovo.cian.ru/sale/flat/307874711/;Одинцово;sale;flat;12;19;1;44.6;10800000;; Кутузовская;33;Сколково;Новая Трехгорка
ID 80001004;homeowner;https://odintsovo.cian.ru/sale/flat/307131685/;Одинцово;sale;flat;13;17;2;63.1;10900000;; Триумфальная;4;Одинцово;Гусарская баллада
ID 122255916;homeowner;https://odintsovo.cian.ru/sale/flat/307823307/;Одинцово;sale;flat;11;17;2;63.1;11000000;; Гвардейская;9;Одинцово;Гусарская баллада
ID 10875917;homeowner;https://odintsovo.cian.ru/sale/flat/307363213/;Одинцово;sale;flat;17;17;2;61.0;11500000;;;;Сколково;
ID 122491327;homeowner;https://odintsovo.cian.ru/sale/flat/308087967/;Одинцово;sale;flat;10;16;2;60.3;11600000;; Чистяковой;24;Сколково;
ID 80412887;homeowner;https://odintsovo.cian.ru/sale/flat/307899194/;Одинцово;sale;flat;6;24;2;67.0;11650000;; Чистяковой;65;Сколково;Новая Трехгорка
ID 70843937;homeowner;https://odintsovo.cian.ru/sale/flat/308879515/;Одинцово;sale;flat;5;23;2;59.2;12000000;; Каштановая;14к1;Внуково;Одинцово-1
ID 22910247;homeowner;https://odintsovo.cian.ru/sale/flat/307666425/;Одинцово;sale;flat;2;25;2;59.3;12300000;; Маковского;24;Одинцово;
ID 106003135;homeowner;https://odintsovo.cian.ru/sale/flat/308158797/;Одинцово;sale;flat;15;17;2;62.3;12500000;; Чистяковой;58;Сколково;
ID 121962538;homeowner;https://odintsovo.cian.ru/sale/flat/307899512/;Одинцово;sale;flat;12;17;1;46.0;12500000;; Сколковская;7Б;Сколково;Сколковский
ID 120304205;homeowner;https://odintsovo.cian.ru/sale/flat/308672980/;Одинцово;sale;flat;19;25;2;62.57;12990000;;;6;Одинцово;Одинград квартал Семейный ЖК
ID 51516481;homeowner;https://odintsovo.cian.ru/sale/flat/308569120/;Одинцово;sale;flat;13;25;2;59.4;12950000;; Маковского;24;Одинцово;
ID 50945648;realtor;https://odintsovo.cian.ru/sale/flat/308122689/;Одинцово;sale;flat;3;26;2;65.0;13500000;;Северная ;11;Одинцово;Одинбург
ID 75987382;homeowner;https://odintsovo.cian.ru/sale/flat/308938367/;Одинцово;sale;flat;23;26;2;48.6;14000000;;;7;Одинцово;
ID 122508964;homeowner;https://odintsovo.cian.ru/sale/flat/308891733/;Одинцово;sale;flat;20;25;2;56.0;13950000;; Сколковская;1Б;Сколково;Сколковский
ID 94467040;homeowner;https://odintsovo.cian.ru/sale/flat/308325448/;Одинцово;sale;flat;8;22;2;66.8;14600000;;Северная ;5к3;Одинцово;Одинбург
ID 122561253;homeowner;https://odintsovo.cian.ru/sale/flat/308123391/;Одинцово;sale;flat;2;17;2;63.9;16500000;; Сколковская;7А;Сколково;Сколковский
ID 17032983;homeowner;https://odintsovo.cian.ru/sale/flat/308399244/;Одинцово;sale;flat;12;19;2;65.5;17500000;; Сколковская;1В;Сколково;Сколковский
ID 115542649;homeowner;https://odintsovo.cian.ru/sale/flat/308805858/;Одинцово;sale;flat;14;25;2;66.4;18000000;; Сколковская;3В;Сколково;Сколковский
ID 123594628;homeowner;https://odintsovo.cian.ru/sale/flat/308944814/;Одинцово;sale;flat;15;23;2;59.0;20700000;;Можайское шоссе;122;Баковка;Да Винчи
CENTURY 21 Столичная недвижимость;real_estate_agent;https://odintsovo.cian.ru/sale/flat/307678138/;Одинцово;sale;flat;7;8;-1;71.2;21800000;;Можайское шоссе;122;Баковка;Да Винчи
